0 verbose cli C:\Program Files\nodejs\node.exe C:\Users\Lenovo\AppData\Roaming\npm\node_modules\npm\bin\npm-cli.js
1 info using npm@10.9.8
2 info using node@v26.7.0
3 silly config load:file:C:\Users\Lenovo\AppData\Roaming\npm\node_modules\npm\npmrc
4 silly config load:file:D:\E-commerce\frontend\.npmrc
5 silly config load:file:C:\Users\Lenovo\.npmrc
6 silly config load:file:C:\Users\Lenovo\AppData\Roaming\npm\etc\npmrc
7 verbose title npm install
8 verbose argv "install"
9 verbose logfile logs-max:10 dir:D:\E-commerce\frontend\.npm-cache\_logs\2026-09-23T14_02_28_333Z-
10 verbose logfile D:\E-commerce\frontend\.npm-cache\_logs\2026-09-23T14_02_28_333Z-debug-0.log
11 silly logfile start cleaning logs, removing 1 files
12 silly logfile done cleaning log files
13 silly packumentCache heap:2248146944 maxSize:562036736 maxEntrySize:281018368
14 silly idealTree buildDeps
15 silly reify moves {}
16 verbose reify failed optional dependency D:\E-commerce\frontend\node_modules\@tailwindcss\oxide-wasm32-wasi
17 silly reify mark deleted [
17 silly reify   'D:\\E-commerce\\frontend\\node_modules\\@tailwindcss\\oxide-wasm32-wasi'
17 silly reify ]
18 silly audit bulk request {
18 silly audit   '@babel/code-frame': [ '7.29.7' ],
18 silly audit   '@babel/compat-data': [ '7.29.7' ],
18 silly audit   '@babel/core': [ '7.29.7' ],
18 silly audit   '@babel/generator': [ '7.29.8' ],
18 silly audit   '@babel/helper-compilation-targets': [ '7.29.7' ],
18 silly audit   '@babel/helper-globals': [ '7.29.7' ],
18 silly audit   '@babel/helper-module-imports': [ '7.29.7' ],
18 silly audit   '@babel/helper-module-transforms': [ '7.29.7' ],
18 silly audit   '@babel/helper-string-parser': [ '7.29.7' ],
18 silly audit   '@babel/helper-validator-identifier': [ '7.29.7' ],
18 silly audit   '@babel/helper-validator-option': [ '7.29.7' ],
18 silly audit   '@babel/helpers': [ '7.29.7' ],
18 silly audit   '@babel/parser': [ '7.29.8' ],
18 silly audit   '@babel/template': [ '7.29.7' ],
18 silly audit   '@babel/traverse': [ '7.29.8' ],
18 silly audit   '@babel/types': [ '7.29.8' ],
18 silly audit   '@eslint-community/eslint-utils': [ '4.10.1' ],
18 silly audit   'eslint-visitor-keys': [ '3.4.3', '5.0.1' ],
18 silly audit   '@eslint-community/regexpp': [ '4.12.2' ],
18 silly audit   '@eslint/config-array': [ '0.23.5' ],
18 silly audit   '@eslint/config-helpers': [ '0.7.0' ],
18 silly audit   '@eslint/core': [ '1.2.1' ],
18 silly audit   '@eslint/js': [ '10.0.1' ],
18 silly audit   '@eslint/object-schema': [ '3.0.5' ],
18 silly audit   '@eslint/plugin-kit': [ '0.7.2' ],
18 silly audit   '@humanfs/core': [ '0.19.2' ],
18 silly audit   '@humanfs/node': [ '0.16.8' ],
18 silly audit   '@humanfs/types': [ '0.15.0' ],
18 silly audit   '@humanwhocodes/module-importer': [ '1.0.1' ],
18 silly audit   '@humanwhocodes/retry': [ '0.4.3' ],
18 silly audit   '@jridgewell/gen-mapping': [ '0.3.13' ],
18 silly audit   '@jridgewell/remapping': [ '2.3.5' ],
18 silly audit   '@jridgewell/resolve-uri': [ '3.1.2' ],
18 silly audit   '@jridgewell/sourcemap-codec': [ '1.5.5' ],
18 silly audit   '@jridgewell/trace-mapping': [ '0.3.31' ],
18 silly audit   '@oxc-project/types': [ '0.146.0' ],
18 silly audit   '@reduxjs/toolkit': [ '2.12.0' ],
18 silly audit   '@rolldown/binding-android-arm-eabi': [ '1.2.5' ],
18 silly audit   '@rolldown/binding-android-arm64': [ '1.2.5' ],
18 silly audit   '@rolldown/binding-darwin-arm64': [ '1.2.5' ],
18 silly audit   '@rolldown/binding-darwin-x64': [ '1.2.5' ],
18 silly audit   '@rolldown/binding-freebsd-x64': [ '1.2.5' ],
18 silly audit   '@rolldown/binding-linux-arm-gnueabihf': [ '1.2.5' ],
18 silly audit   '@rolldown/binding-linux-arm64-gnu': [ '1.2.5' ],
18 silly audit   '@rolldown/binding-linux-arm64-musl': [ '1.2.5' ],
18 silly audit   '@rolldown/binding-linux-ppc64-gnu': [ '1.2.5' ],
18 silly audit   '@rolldown/binding-linux-s390x-gnu': [ '1.2.5' ],
18 silly audit   '@rolldown/binding-linux-x64-gnu': [ '1.2.5' ],
18 silly audit   '@rolldown/binding-linux-x64-musl': [ '1.2.5' ],
18 silly audit   '@rolldown/binding-openharmony-arm64': [ '1.2.5' ],
18 silly audit   '@rolldown/binding-win32-arm64-msvc': [ '1.2.5' ],
18 silly audit   '@rolldown/binding-win32-x64-msvc': [ '1.2.5' ],
18 silly audit   '@rolldown/pluginutils': [ '1.0.1' ],
18 silly audit   '@standard-schema/spec': [ '1.1.0' ],
18 silly audit   '@standard-schema/utils': [ '0.3.0' ],
18 silly audit   '@tailwindcss/node': [ '4.3.3' ],
18 silly audit   lightningcss: [ '1.32.0', '1.33.0' ],
18 silly audit   'lightningcss-android-arm64': [ '1.32.0', '1.33.0' ],
18 silly audit   'lightningcss-darwin-arm64': [ '1.32.0', '1.33.0' ],
18 silly audit   'lightningcss-darwin-x64': [ '1.32.0', '1.33.0' ],
18 silly audit   'lightningcss-freebsd-x64': [ '1.32.0', '1.33.0' ],
18 silly audit   'lightningcss-linux-arm-gnueabihf': [ '1.32.0', '1.33.0' ],
18 silly audit   'lightningcss-linux-arm64-gnu': [ '1.32.0', '1.33.0' ],
18 silly audit   'lightningcss-linux-arm64-musl': [ '1.32.0', '1.33.0' ],
18 silly audit   'lightningcss-linux-x64-gnu': [ '1.32.0', '1.33.0' ],
18 silly audit   'lightningcss-linux-x64-musl': [ '1.32.0', '1.33.0' ],
18 silly audit   'lightningcss-win32-arm64-msvc': [ '1.32.0', '1.33.0' ],
18 silly audit   'lightningcss-win32-x64-msvc': [ '1.32.0', '1.33.0' ],
18 silly audit   '@tailwindcss/oxide': [ '4.3.3' ],
18 silly audit   '@tailwindcss/oxide-android-arm64': [ '4.3.3' ],
18 silly audit   '@tailwindcss/oxide-darwin-arm64': [ '4.3.3' ],
18 silly audit   '@tailwindcss/oxide-darwin-x64': [ '4.3.3' ],
18 silly audit   '@tailwindcss/oxide-freebsd-x64': [ '4.3.3' ],
18 silly audit   '@tailwindcss/oxide-linux-arm-gnueabihf': [ '4.3.3' ],
18 silly audit   '@tailwindcss/oxide-linux-arm64-gnu': [ '4.3.3' ],
18 silly audit   '@tailwindcss/oxide-linux-arm64-musl': [ '4.3.3' ],
18 silly audit   '@tailwindcss/oxide-linux-x64-gnu': [ '4.3.3' ],
18 silly audit   '@tailwindcss/oxide-linux-x64-musl': [ '4.3.3' ],
18 silly audit   '@tailwindcss/oxide-win32-arm64-msvc': [ '4.3.3' ],
18 silly audit   '@tailwindcss/oxide-win32-x64-msvc': [ '4.3.3' ],
18 silly audit   '@tailwindcss/vite': [ '4.3.3' ],
18 silly audit   '@types/esrecurse': [ '4.3.1' ],
18 silly audit   '@types/estree': [ '1.0.9' ],
18 silly audit   '@types/json-schema': [ '7.0.15' ],
18 silly audit   '@types/react': [ '19.2.18' ],
18 silly audit   '@types/react-dom': [ '19.2.4' ],
18 silly audit   '@types/use-sync-external-store': [ '0.0.6' ],
18 silly audit   '@vitejs/plugin-react': [ '6.1.0' ],
18 silly audit   acorn: [ '8.18.0' ],
18 silly audit   'acorn-jsx': [ '5.3.2' ],
18 silly audit   'agent-base': [ '6.0.2' ],
18 silly audit   ajv: [ '6.15.0' ],
18 silly audit   asynckit: [ '0.4.0' ],
18 silly audit   axios: [ '1.20.0' ],
18 silly audit   'balanced-match': [ '4.0.4' ],
18 silly audit   'baseline-browser-mapping': [ '2.11.15' ],
18 silly audit   'brace-expansion': [ '5.0.9' ],
18 silly audit   browserslist: [ '4.28.8' ],
18 silly audit   'call-bind-apply-helpers': [ '1.0.2' ],
18 silly audit   'caniuse-lite': [ '1.0.30001809' ],
18 silly audit   'combined-stream': [ '1.0.8' ],
18 silly audit   'convert-source-map': [ '2.0.0' ],
18 silly audit   cookie: [ '1.1.1' ],
18 silly audit   'cross-spawn': [ '7.0.6' ],
18 silly audit   csstype: [ '3.2.3' ],
18 silly audit   debug: [ '4.4.3' ],
18 silly audit   'deep-is': [ '0.1.4' ],
18 silly audit   'delayed-stream': [ '1.0.0' ],
18 silly audit   'detect-libc': [ '2.1.2' ],
18 silly audit   'dunder-proto': [ '1.0.1' ],
18 silly audit   'electron-to-chromium': [ '1.5.411' ],
18 silly audit   'enhanced-resolve': [ '5.24.5' ],
18 silly audit   'es-define-property': [ '1.0.1' ],
18 silly audit   'es-errors': [ '1.3.0' ],
18 silly audit   'es-object-atoms': [ '1.1.2' ],
18 silly audit   'es-set-tostringtag': [ '2.1.0' ],
18 silly audit   escalade: [ '3.2.0' ],
18 silly audit   'escape-string-regexp': [ '4.0.0' ],
18 silly audit   eslint: [ '10.8.1' ],
18 silly audit   'eslint-plugin-react-hooks': [ '7.1.1' ],
18 silly audit   'eslint-plugin-react-refresh': [ '0.5.4' ],
18 silly audit   'eslint-scope': [ '9.1.2' ],
18 silly audit   espree: [ '11.2.0' ],
18 silly audit   esquery: [ '1.7.0' ],
18 silly audit   esrecurse: [ '4.3.0' ],
18 silly audit   estraverse: [ '5.3.0' ],
18 silly audit   esutils: [ '2.0.3' ],
18 silly audit   'fast-deep-equal': [ '3.1.3' ],
18 silly audit   'fast-json-stable-stringify': [ '2.1.0' ],
18 silly audit   'fast-levenshtein': [ '2.0.6' ],
18 silly audit   fdir: [ '6.5.0' ],
18 silly audit   'file-entry-cache': [ '8.0.0' ],
18 silly audit   'find-up': [ '5.0.0' ],
18 silly audit   'flat-cache': [ '4.0.1' ],
18 silly audit   flatted: [ '3.4.4' ],
18 silly audit   'follow-redirects': [ '1.16.0' ],
18 silly audit   'form-data': [ '4.0.6' ],
18 silly audit   fsevents: [ '2.3.3' ],
18 silly audit   'function-bind': [ '1.1.2' ],
18 silly audit   gensync: [ '1.0.0-beta.2' ],
18 silly audit   'get-intrinsic': [ '1.3.0' ],
18 silly audit   'get-proto': [ '1.0.1' ],
18 silly audit   'glob-parent': [ '6.0.2' ],
18 silly audit   globals: [ '17.11.0' ],
18 silly audit   gopd: [ '1.2.0' ],
18 silly audit   'graceful-fs': [ '4.2.11' ],
18 silly audit   'has-symbols': [ '1.1.0' ],
18 silly audit   'has-tostringtag': [ '1.0.2' ],
18 silly audit   hasown: [ '2.0.4' ],
18 silly audit   'hermes-estree': [ '0.25.1' ],
18 silly audit   'hermes-parser': [ '0.25.1' ],
18 silly audit   'https-proxy-agent': [ '5.0.1' ],
18 silly audit   ignore: [ '5.3.2' ],
18 silly audit   immer: [ '11.1.18' ],
18 silly audit   imurmurhash: [ '0.1.4' ],
18 silly audit   'is-extglob': [ '2.1.1' ],
18 silly audit   'is-glob': [ '4.0.3' ],
18 silly audit   isexe: [ '2.0.0' ],
18 silly audit   jiti: [ '2.7.0' ],
18 silly audit   'js-tokens': [ '4.0.0' ],
18 silly audit   jsesc: [ '3.1.0' ],
18 silly audit   'json-buffer': [ '3.0.1' ],
18 silly audit   'json-schema-traverse': [ '0.4.1' ],
18 silly audit   'json-stable-stringify-without-jsonify': [ '1.0.1' ],
18 silly audit   json5: [ '2.2.3' ],
18 silly audit   keyv: [ '4.5.4' ],
18 silly audit   levn: [ '0.4.1' ],
18 silly audit   'locate-path': [ '6.0.0' ],
18 silly audit   'lru-cache': [ '5.1.1' ],
18 silly audit   'magic-string': [ '0.30.21' ],
18 silly audit   'math-intrinsics': [ '1.1.0' ],
18 silly audit   'mime-db': [ '1.52.0' ],
18 silly audit   'mime-types': [ '2.1.35' ],
18 silly audit   minimatch: [ '10.2.6' ],
18 silly audit   ms: [ '2.1.3' ],
18 silly audit   nanoid: [ '3.3.18' ],
18 silly audit   'natural-compare': [ '1.4.0' ],
18 silly audit   'node-releases': [ '2.0.53' ],
18 silly audit   optionator: [ '0.9.4' ],
18 silly audit   'p-limit': [ '3.1.0' ],
18 silly audit   'p-locate': [ '5.0.0' ],
18 silly audit   'path-exists': [ '4.0.0' ],
18 silly audit   'path-key': [ '3.1.1' ],
18 silly audit   picocolors: [ '1.1.1' ],
18 silly audit   picomatch: [ '4.0.5' ],
18 silly audit   postcss: [ '8.5.26' ],
18 silly audit   'prelude-ls': [ '1.2.1' ],
18 silly audit   'proxy-from-env': [ '2.1.0' ],
18 silly audit   punycode: [ '2.3.1' ],
18 silly audit   react: [ '19.2.8' ],
18 silly audit   'react-dom': [ '19.2.8' ],
18 silly audit   'react-redux': [ '9.3.0' ],
18 silly audit   'react-router': [ '7.18.2' ],
18 silly audit   'react-router-dom': [ '7.18.2' ],
18 silly audit   redux: [ '5.0.1' ],
18 silly audit   'redux-thunk': [ '3.1.0' ],
18 silly audit   reselect: [ '5.2.0' ],
18 silly audit   rolldown: [ '1.2.5' ],
18 silly audit   scheduler: [ '0.27.0' ],
18 silly audit   semver: [ '6.3.1' ],
18 silly audit   'set-cookie-parser': [ '2.7.2' ],
18 silly audit   'shebang-command': [ '2.0.0' ],
18 silly audit   'shebang-regex': [ '3.0.0' ],
18 silly audit   'source-map-js': [ '1.2.1' ],
18 silly audit   tailwindcss: [ '4.3.3' ],
18 silly audit   tapable: [ '2.3.3' ],
18 silly audit   tinyglobby: [ '0.2.17' ],
18 silly audit   'type-check': [ '0.4.0' ],
18 silly audit   'update-browserslist-db': [ '1.3.1' ],
18 silly audit   'uri-js': [ '4.4.1' ],
18 silly audit   'use-sync-external-store': [ '1.6.0' ],
18 silly audit   vite: [ '8.2.2' ],
18 silly audit   which: [ '2.0.2' ],
18 silly audit   'word-wrap': [ '1.2.5' ],
18 silly audit   yallist: [ '3.1.1' ],
18 silly audit   'yocto-queue': [ '0.1.0' ],
18 silly audit   zod: [ '4.4.3' ],
18 silly audit   'zod-validation-error': [ '4.0.2' ],
18 silly audit   '@tailwindcss/oxide-wasm32-wasi': [ '4.3.3' ]
18 silly audit }
19 verbose reify failed optional dependency D:\E-commerce\frontend\node_modules\lightningcss-win32-arm64-msvc
20 silly reify mark deleted [
20 silly reify   'D:\\E-commerce\\frontend\\node_modules\\lightningcss-win32-arm64-msvc'
20 silly reify ]
21 verbose reify failed optional dependency D:\E-commerce\frontend\node_modules\lightningcss-linux-x64-musl
22 silly reify mark deleted [
22 silly reify   'D:\\E-commerce\\frontend\\node_modules\\lightningcss-linux-x64-musl'
22 silly reify ]
23 verbose reify failed optional dependency D:\E-commerce\frontend\node_modules\lightningcss-linux-x64-gnu
24 silly reify mark deleted [
24 silly reify   'D:\\E-commerce\\frontend\\node_modules\\lightningcss-linux-x64-gnu'
24 silly reify ]
25 verbose reify failed optional dependency D:\E-commerce\frontend\node_modules\lightningcss-linux-arm64-musl
26 silly reify mark deleted [
26 silly reify   'D:\\E-commerce\\frontend\\node_modules\\lightningcss-linux-arm64-musl'
26 silly reify ]
27 verbose reify failed optional dependency D:\E-commerce\frontend\node_modules\lightningcss-linux-arm64-gnu
28 silly reify mark deleted [
28 silly reify   'D:\\E-commerce\\frontend\\node_modules\\lightningcss-linux-arm64-gnu'
28 silly reify ]
29 verbose reify failed optional dependency D:\E-commerce\frontend\node_modules\lightningcss-linux-arm-gnueabihf
30 silly reify mark deleted [
30 silly reify   'D:\\E-commerce\\frontend\\node_modules\\lightningcss-linux-arm-gnueabihf'
30 silly reify ]
31 verbose reify failed optional dependency D:\E-commerce\frontend\node_modules\lightningcss-freebsd-x64
32 silly reify mark deleted [ 'D:\\E-commerce\\frontend\\node_modules\\lightningcss-freebsd-x64' ]
33 verbose reify failed optional dependency D:\E-commerce\frontend\node_modules\lightningcss-darwin-x64
34 silly reify mark deleted [ 'D:\\E-commerce\\frontend\\node_modules\\lightningcss-darwin-x64' ]
35 verbose reify failed optional dependency D:\E-commerce\frontend\node_modules\lightningcss-darwin-arm64
36 silly reify mark deleted [ 'D:\\E-commerce\\frontend\\node_modules\\lightningcss-darwin-arm64' ]
37 verbose reify failed optional dependency D:\E-commerce\frontend\node_modules\lightningcss-android-arm64
38 silly reify mark deleted [
38 silly reify   'D:\\E-commerce\\frontend\\node_modules\\lightningcss-android-arm64'
38 silly reify ]
39 verbose reify failed optional dependency D:\E-commerce\frontend\node_modules\fsevents
40 silly reify mark deleted [ 'D:\\E-commerce\\frontend\\node_modules\\fsevents' ]
41 verbose reify failed optional dependency D:\E-commerce\frontend\node_modules\@tailwindcss\oxide-win32-arm64-msvc
42 silly reify mark deleted [
42 silly reify   'D:\\E-commerce\\frontend\\node_modules\\@tailwindcss\\oxide-win32-arm64-msvc'
42 silly reify ]
43 verbose reify failed optional dependency D:\E-commerce\frontend\node_modules\@tailwindcss\oxide-linux-x64-musl
44 silly reify mark deleted [
44 silly reify   'D:\\E-commerce\\frontend\\node_modules\\@tailwindcss\\oxide-linux-x64-musl'
44 silly reify ]
45 verbose reify failed optional dependency D:\E-commerce\frontend\node_modules\@tailwindcss\oxide-linux-x64-gnu
46 silly reify mark deleted [
46 silly reify   'D:\\E-commerce\\frontend\\node_modules\\@tailwindcss\\oxide-linux-x64-gnu'
46 silly reify ]
47 verbose reify failed optional dependency D:\E-commerce\frontend\node_modules\@tailwindcss\oxide-linux-arm64-musl
48 silly reify mark deleted [
48 silly reify   'D:\\E-commerce\\frontend\\node_modules\\@tailwindcss\\oxide-linux-arm64-musl'
48 silly reify ]
49 verbose reify failed optional dependency D:\E-commerce\frontend\node_modules\@tailwindcss\oxide-linux-arm64-gnu
50 silly reify mark deleted [
50 silly reify   'D:\\E-commerce\\frontend\\node_modules\\@tailwindcss\\oxide-linux-arm64-gnu'
50 silly reify ]
51 verbose reify failed optional dependency D:\E-commerce\frontend\node_modules\@tailwindcss\oxide-linux-arm-gnueabihf
52 silly reify mark deleted [
52 silly reify   'D:\\E-commerce\\frontend\\node_modules\\@tailwindcss\\oxide-linux-arm-gnueabihf'
52 silly reify ]
53 verbose reify failed optional dependency D:\E-commerce\frontend\node_modules\@tailwindcss\oxide-freebsd-x64
54 silly reify mark deleted [
54 silly reify   'D:\\E-commerce\\frontend\\node_modules\\@tailwindcss\\oxide-freebsd-x64'
54 silly reify ]
55 verbose reify failed optional dependency D:\E-commerce\frontend\node_modules\@tailwindcss\oxide-darwin-x64
56 silly reify mark deleted [
56 silly reify   'D:\\E-commerce\\frontend\\node_modules\\@tailwindcss\\oxide-darwin-x64'
56 silly reify ]
57 verbose reify failed optional dependency D:\E-commerce\frontend\node_modules\@tailwindcss\oxide-darwin-arm64
58 silly reify mark deleted [
58 silly reify   'D:\\E-commerce\\frontend\\node_modules\\@tailwindcss\\oxide-darwin-arm64'
58 silly reify ]
59 verbose reify failed optional dependency D:\E-commerce\frontend\node_modules\@tailwindcss\oxide-android-arm64
60 silly reify mark deleted [
60 silly reify   'D:\\E-commerce\\frontend\\node_modules\\@tailwindcss\\oxide-android-arm64'
60 silly reify ]
61 verbose reify failed optional dependency D:\E-commerce\frontend\node_modules\@tailwindcss\node\node_modules\lightningcss-win32-arm64-msvc
62 silly reify mark deleted [
62 silly reify   'D:\\E-commerce\\frontend\\node_modules\\@tailwindcss\\node\\node_modules\\lightningcss-win32-arm64-msvc'
62 silly reify ]
63 verbose reify failed optional dependency D:\E-commerce\frontend\node_modules\@tailwindcss\node\node_modules\lightningcss-linux-x64-musl
64 silly reify mark deleted [
64 silly reify   'D:\\E-commerce\\frontend\\node_modules\\@tailwindcss\\node\\node_modules\\lightningcss-linux-x64-musl'
64 silly reify ]
65 verbose reify failed optional dependency D:\E-commerce\frontend\node_modules\@tailwindcss\node\node_modules\lightningcss-linux-x64-gnu
66 silly reify mark deleted [
66 silly reify   'D:\\E-commerce\\frontend\\node_modules\\@tailwindcss\\node\\node_modules\\lightningcss-linux-x64-gnu'
66 silly reify ]
67 verbose reify failed optional dependency D:\E-commerce\frontend\node_modules\@tailwindcss\node\node_modules\lightningcss-linux-arm64-musl
68 silly reify mark deleted [
68 silly reify   'D:\\E-commerce\\frontend\\node_modules\\@tailwindcss\\node\\node_modules\\lightningcss-linux-arm64-musl'
68 silly reify ]
69 verbose reify failed optional dependency D:\E-commerce\frontend\node_modules\@tailwindcss\node\node_modules\lightningcss-linux-arm64-gnu
70 silly reify mark deleted [
70 silly reify   'D:\\E-commerce\\frontend\\node_modules\\@tailwindcss\\node\\node_modules\\lightningcss-linux-arm64-gnu'
70 silly reify ]
71 verbose reify failed optional dependency D:\E-commerce\frontend\node_modules\@tailwindcss\node\node_modules\lightningcss-linux-arm-gnueabihf
72 silly reify mark deleted [
72 silly reify   'D:\\E-commerce\\frontend\\node_modules\\@tailwindcss\\node\\node_modules\\lightningcss-linux-arm-gnueabihf'
72 silly reify ]
73 verbose reify failed optional dependency D:\E-commerce\frontend\node_modules\@tailwindcss\node\node_modules\lightningcss-freebsd-x64
74 silly reify mark deleted [
74 silly reify   'D:\\E-commerce\\frontend\\node_modules\\@tailwindcss\\node\\node_modules\\lightningcss-freebsd-x64'
74 silly reify ]
75 verbose reify failed optional dependency D:\E-commerce\frontend\node_modules\@tailwindcss\node\node_modules\lightningcss-darwin-x64
76 silly reify mark deleted [
76 silly reify   'D:\\E-commerce\\frontend\\node_modules\\@tailwindcss\\node\\node_modules\\lightningcss-darwin-x64'
76 silly reify ]
77 verbose reify failed optional dependency D:\E-commerce\frontend\node_modules\@tailwindcss\node\node_modules\lightningcss-darwin-arm64
78 silly reify mark deleted [
78 silly reify   'D:\\E-commerce\\frontend\\node_modules\\@tailwindcss\\node\\node_modules\\lightningcss-darwin-arm64'
78 silly reify ]
79 verbose reify failed optional dependency D:\E-commerce\frontend\node_modules\@tailwindcss\node\node_modules\lightningcss-android-arm64
80 silly reify mark deleted [
80 silly reify   'D:\\E-commerce\\frontend\\node_modules\\@tailwindcss\\node\\node_modules\\lightningcss-android-arm64'
80 silly reify ]
81 verbose reify failed optional dependency D:\E-commerce\frontend\node_modules\@rolldown\binding-win32-arm64-msvc
82 silly reify mark deleted [
82 silly reify   'D:\\E-commerce\\frontend\\node_modules\\@rolldown\\binding-win32-arm64-msvc'
82 silly reify ]
83 verbose reify failed optional dependency D:\E-commerce\frontend\node_modules\@rolldown\binding-openharmony-arm64
84 silly reify mark deleted [
84 silly reify   'D:\\E-commerce\\frontend\\node_modules\\@rolldown\\binding-openharmony-arm64'
84 silly reify ]
85 verbose reify failed optional dependency D:\E-commerce\frontend\node_modules\@rolldown\binding-linux-x64-musl
86 silly reify mark deleted [
86 silly reify   'D:\\E-commerce\\frontend\\node_modules\\@rolldown\\binding-linux-x64-musl'
86 silly reify ]
87 verbose reify failed optional dependency D:\E-commerce\frontend\node_modules\@rolldown\binding-linux-x64-gnu
88 silly reify mark deleted [
88 silly reify   'D:\\E-commerce\\frontend\\node_modules\\@rolldown\\binding-linux-x64-gnu'
88 silly reify ]
89 verbose reify failed optional dependency D:\E-commerce\frontend\node_modules\@rolldown\binding-linux-s390x-gnu
90 silly reify mark deleted [
90 silly reify   'D:\\E-commerce\\frontend\\node_modules\\@rolldown\\binding-linux-s390x-gnu'
90 silly reify ]
91 verbose reify failed optional dependency D:\E-commerce\frontend\node_modules\@rolldown\binding-linux-ppc64-gnu
92 silly reify mark deleted [
92 silly reify   'D:\\E-commerce\\frontend\\node_modules\\@rolldown\\binding-linux-ppc64-gnu'
92 silly reify ]
93 verbose reify failed optional dependency D:\E-commerce\frontend\node_modules\@rolldown\binding-linux-arm64-musl
94 silly reify mark deleted [
94 silly reify   'D:\\E-commerce\\frontend\\node_modules\\@rolldown\\binding-linux-arm64-musl'
94 silly reify ]
95 verbose reify failed optional dependency D:\E-commerce\frontend\node_modules\@rolldown\binding-linux-arm64-gnu
96 silly reify mark deleted [
96 silly reify   'D:\\E-commerce\\frontend\\node_modules\\@rolldown\\binding-linux-arm64-gnu'
96 silly reify ]
97 verbose reify failed optional dependency D:\E-commerce\frontend\node_modules\@rolldown\binding-linux-arm-gnueabihf
98 silly reify mark deleted [
98 silly reify   'D:\\E-commerce\\frontend\\node_modules\\@rolldown\\binding-linux-arm-gnueabihf'
98 silly reify ]
99 verbose reify failed optional dependency D:\E-commerce\frontend\node_modules\@rolldown\binding-freebsd-x64
100 silly reify mark deleted [
100 silly reify   'D:\\E-commerce\\frontend\\node_modules\\@rolldown\\binding-freebsd-x64'
100 silly reify ]
101 verbose reify failed optional dependency D:\E-commerce\frontend\node_modules\@rolldown\binding-darwin-x64
102 silly reify mark deleted [
102 silly reify   'D:\\E-commerce\\frontend\\node_modules\\@rolldown\\binding-darwin-x64'
102 silly reify ]
103 verbose reify failed optional dependency D:\E-commerce\frontend\node_modules\@rolldown\binding-darwin-arm64
104 silly reify mark deleted [
104 silly reify   'D:\\E-commerce\\frontend\\node_modules\\@rolldown\\binding-darwin-arm64'
104 silly reify ]
105 verbose reify failed optional dependency D:\E-commerce\frontend\node_modules\@rolldown\binding-android-arm64
106 silly reify mark deleted [
106 silly reify   'D:\\E-commerce\\frontend\\node_modules\\@rolldown\\binding-android-arm64'
106 silly reify ]
107 verbose reify failed optional dependency D:\E-commerce\frontend\node_modules\@rolldown\binding-android-arm-eabi
108 silly reify mark deleted [
108 silly reify   'D:\\E-commerce\\frontend\\node_modules\\@rolldown\\binding-android-arm-eabi'
108 silly reify ]
109 http cache yocto-queue@https://registry.npmjs.org/yocto-queue/-/yocto-queue-0.1.0.tgz 1ms (cache hit)
110 http cache zod@https://registry.npmjs.org/zod/-/zod-4.4.3.tgz 0ms (cache hit)
111 http cache yallist@https://registry.npmjs.org/yallist/-/yallist-3.1.1.tgz 0ms (cache hit)
112 http cache zod-validation-error@https://registry.npmjs.org/zod-validation-error/-/zod-validation-error-4.0.2.tgz 0ms (cache hit)
113 http cache word-wrap@https://registry.npmjs.org/word-wrap/-/word-wrap-1.2.5.tgz 0ms (cache hit)
114 http cache use-sync-external-store@https://registry.npmjs.org/use-sync-external-store/-/use-sync-external-store-1.6.0.tgz 0ms (cache hit)
115 http cache vite@https://registry.npmjs.org/vite/-/vite-8.2.2.tgz 0ms (cache hit)
116 http cache which@https://registry.npmjs.org/which/-/which-2.0.2.tgz 0ms (cache hit)
117 http cache update-browserslist-db@https://registry.npmjs.org/update-browserslist-db/-/update-browserslist-db-1.3.1.tgz 0ms (cache hit)
118 http cache uri-js@https://registry.npmjs.org/uri-js/-/uri-js-4.4.1.tgz 0ms (cache hit)
119 http cache type-check@https://registry.npmjs.org/type-check/-/type-check-0.4.0.tgz 0ms (cache hit)
120 http cache tailwindcss@https://registry.npmjs.org/tailwindcss/-/tailwindcss-4.3.3.tgz 1ms (cache hit)
121 http cache shebang-command@https://registry.npmjs.org/shebang-command/-/shebang-command-2.0.0.tgz 0ms (cache hit)
122 http cache source-map-js@https://registry.npmjs.org/source-map-js/-/source-map-js-1.2.1.tgz 0ms (cache hit)
123 http cache shebang-regex@https://registry.npmjs.org/shebang-regex/-/shebang-regex-3.0.0.tgz 0ms (cache hit)
124 http cache semver@https://registry.npmjs.org/semver/-/semver-6.3.1.tgz 0ms (cache hit)
125 http cache set-cookie-parser@https://registry.npmjs.org/set-cookie-parser/-/set-cookie-parser-2.7.2.tgz 0ms (cache hit)
126 http cache scheduler@https://registry.npmjs.org/scheduler/-/scheduler-0.27.0.tgz 0ms (cache hit)
127 http cache rolldown@https://registry.npmjs.org/rolldown/-/rolldown-1.2.5.tgz 0ms (cache hit)
128 http cache tinyglobby@https://registry.npmjs.org/tinyglobby/-/tinyglobby-0.2.17.tgz 0ms (cache hit)
129 http cache reselect@https://registry.npmjs.org/reselect/-/reselect-5.2.0.tgz 0ms (cache hit)
130 http cache redux-thunk@https://registry.npmjs.org/redux-thunk/-/redux-thunk-3.1.0.tgz 0ms (cache hit)
131 http cache react-router-dom@https://registry.npmjs.org/react-router-dom/-/react-router-dom-7.18.2.tgz 0ms (cache hit)
132 http cache redux@https://registry.npmjs.org/redux/-/redux-5.0.1.tgz 0ms (cache hit)
133 http cache react-router@https://registry.npmjs.org/react-router/-/react-router-7.18.2.tgz 0ms (cache hit)
134 http cache react-redux@https://registry.npmjs.org/react-redux/-/react-redux-9.3.0.tgz 0ms (cache hit)
135 http cache tapable@https://registry.npmjs.org/tapable/-/tapable-2.3.3.tgz 0ms (cache hit)
136 http cache react-dom@https://registry.npmjs.org/react-dom/-/react-dom-19.2.8.tgz 0ms (cache hit)
137 http cache punycode@https://registry.npmjs.org/punycode/-/punycode-2.3.1.tgz 0ms (cache hit)
138 http cache proxy-from-env@https://registry.npmjs.org/proxy-from-env/-/proxy-from-env-2.1.0.tgz 0ms (cache hit)
139 http cache prelude-ls@https://registry.npmjs.org/prelude-ls/-/prelude-ls-1.2.1.tgz 0ms (cache hit)
140 http cache postcss@https://registry.npmjs.org/postcss/-/postcss-8.5.26.tgz 0ms (cache hit)
141 http cache picomatch@https://registry.npmjs.org/picomatch/-/picomatch-4.0.5.tgz 0ms (cache hit)
142 http cache picocolors@https://registry.npmjs.org/picocolors/-/picocolors-1.1.1.tgz 0ms (cache hit)
143 http cache react@https://registry.npmjs.org/react/-/react-19.2.8.tgz 0ms (cache hit)
144 http cache path-key@https://registry.npmjs.org/path-key/-/path-key-3.1.1.tgz 0ms (cache hit)
145 http cache p-locate@https://registry.npmjs.org/p-locate/-/p-locate-5.0.0.tgz 0ms (cache hit)
146 http cache optionator@https://registry.npmjs.org/optionator/-/optionator-0.9.4.tgz 0ms (cache hit)
147 http cache p-limit@https://registry.npmjs.org/p-limit/-/p-limit-3.1.0.tgz 0ms (cache hit)
148 http cache node-releases@https://registry.npmjs.org/node-releases/-/node-releases-2.0.53.tgz 0ms (cache hit)
149 http cache natural-compare@https://registry.npmjs.org/natural-compare/-/natural-compare-1.4.0.tgz 0ms (cache hit)
150 http cache nanoid@https://registry.npmjs.org/nanoid/-/nanoid-3.3.18.tgz 0ms (cache hit)
151 http cache path-exists@https://registry.npmjs.org/path-exists/-/path-exists-4.0.0.tgz 0ms (cache hit)
152 http cache ms@https://registry.npmjs.org/ms/-/ms-2.1.3.tgz 0ms (cache hit)
153 http cache minimatch@https://registry.npmjs.org/minimatch/-/minimatch-10.2.6.tgz 0ms (cache hit)
154 http cache mime-types@https://registry.npmjs.org/mime-types/-/mime-types-2.1.35.tgz 0ms (cache hit)
155 http cache mime-db@https://registry.npmjs.org/mime-db/-/mime-db-1.52.0.tgz 0ms (cache hit)
156 http cache math-intrinsics@https://registry.npmjs.org/math-intrinsics/-/math-intrinsics-1.1.0.tgz 0ms (cache hit)
157 http cache magic-string@https://registry.npmjs.org/magic-string/-/magic-string-0.30.21.tgz 0ms (cache hit)
158 http cache lru-cache@https://registry.npmjs.org/lru-cache/-/lru-cache-5.1.1.tgz 0ms (cache hit)
159 http cache locate-path@https://registry.npmjs.org/locate-path/-/locate-path-6.0.0.tgz 0ms (cache hit)
160 http cache levn@https://registry.npmjs.org/levn/-/levn-0.4.1.tgz 0ms (cache hit)
161 http cache lightningcss-win32-x64-msvc@https://registry.npmjs.org/lightningcss-win32-x64-msvc/-/lightningcss-win32-x64-msvc-1.33.0.tgz 0ms (cache hit)
162 http cache lightningcss@https://registry.npmjs.org/lightningcss/-/lightningcss-1.33.0.tgz 0ms (cache hit)
163 http cache json5@https://registry.npmjs.org/json5/-/json5-2.2.3.tgz 0ms (cache hit)
164 http cache keyv@https://registry.npmjs.org/keyv/-/keyv-4.5.4.tgz 0ms (cache hit)
165 http cache json-stable-stringify-without-jsonify@https://registry.npmjs.org/json-stable-stringify-without-jsonify/-/json-stable-stringify-without-jsonify-1.0.1.tgz 0ms (cache hit)
166 http cache json-schema-traverse@https://registry.npmjs.org/json-schema-traverse/-/json-schema-traverse-0.4.1.tgz 0ms (cache hit)
167 http cache json-buffer@https://registry.npmjs.org/json-buffer/-/json-buffer-3.0.1.tgz 0ms (cache hit)
168 http cache jsesc@https://registry.npmjs.org/jsesc/-/jsesc-3.1.0.tgz 0ms (cache hit)
169 http cache js-tokens@https://registry.npmjs.org/js-tokens/-/js-tokens-4.0.0.tgz 0ms (cache hit)
170 http cache jiti@https://registry.npmjs.org/jiti/-/jiti-2.7.0.tgz 0ms (cache hit)
171 http cache is-extglob@https://registry.npmjs.org/is-extglob/-/is-extglob-2.1.1.tgz 0ms (cache hit)
172 http cache isexe@https://registry.npmjs.org/isexe/-/isexe-2.0.0.tgz 0ms (cache hit)
173 http cache imurmurhash@https://registry.npmjs.org/imurmurhash/-/imurmurhash-0.1.4.tgz 0ms (cache hit)
174 http cache immer@https://registry.npmjs.org/immer/-/immer-11.1.18.tgz 0ms (cache hit)
175 http cache is-glob@https://registry.npmjs.org/is-glob/-/is-glob-4.0.3.tgz 0ms (cache hit)
176 http cache ignore@https://registry.npmjs.org/ignore/-/ignore-5.3.2.tgz 0ms (cache hit)
177 http cache https-proxy-agent@https://registry.npmjs.org/https-proxy-agent/-/https-proxy-agent-5.0.1.tgz 0ms (cache hit)
178 http cache hermes-parser@https://registry.npmjs.org/hermes-parser/-/hermes-parser-0.25.1.tgz 0ms (cache hit)
179 http cache hermes-estree@https://registry.npmjs.org/hermes-estree/-/hermes-estree-0.25.1.tgz 0ms (cache hit)
180 http cache hasown@https://registry.npmjs.org/hasown/-/hasown-2.0.4.tgz 0ms (cache hit)
181 http cache has-tostringtag@https://registry.npmjs.org/has-tostringtag/-/has-tostringtag-1.0.2.tgz 0ms (cache hit)
182 http cache has-symbols@https://registry.npmjs.org/has-symbols/-/has-symbols-1.1.0.tgz 0ms (cache hit)
183 http cache graceful-fs@https://registry.npmjs.org/graceful-fs/-/graceful-fs-4.2.11.tgz 0ms (cache hit)
184 http cache gopd@https://registry.npmjs.org/gopd/-/gopd-1.2.0.tgz 0ms (cache hit)
185 http cache globals@https://registry.npmjs.org/globals/-/globals-17.11.0.tgz 0ms (cache hit)
186 http cache get-proto@https://registry.npmjs.org/get-proto/-/get-proto-1.0.1.tgz 0ms (cache hit)
187 http cache glob-parent@https://registry.npmjs.org/glob-parent/-/glob-parent-6.0.2.tgz 0ms (cache hit)
188 http cache get-intrinsic@https://registry.npmjs.org/get-intrinsic/-/get-intrinsic-1.3.0.tgz 0ms (cache hit)
189 http cache function-bind@https://registry.npmjs.org/function-bind/-/function-bind-1.1.2.tgz 0ms (cache hit)
190 http cache gensync@https://registry.npmjs.org/gensync/-/gensync-1.0.0-beta.2.tgz 0ms (cache hit)
191 http cache form-data@https://registry.npmjs.org/form-data/-/form-data-4.0.6.tgz 0ms (cache hit)
192 http cache follow-redirects@https://registry.npmjs.org/follow-redirects/-/follow-redirects-1.16.0.tgz 0ms (cache hit)
193 http cache flat-cache@https://registry.npmjs.org/flat-cache/-/flat-cache-4.0.1.tgz 0ms (cache hit)
194 http cache flatted@https://registry.npmjs.org/flatted/-/flatted-3.4.4.tgz 0ms (cache hit)
195 http cache fdir@https://registry.npmjs.org/fdir/-/fdir-6.5.0.tgz 0ms (cache hit)
196 http cache find-up@https://registry.npmjs.org/find-up/-/find-up-5.0.0.tgz 0ms (cache hit)
197 http cache file-entry-cache@https://registry.npmjs.org/file-entry-cache/-/file-entry-cache-8.0.0.tgz 0ms (cache hit)
198 http cache fast-json-stable-stringify@https://registry.npmjs.org/fast-json-stable-stringify/-/fast-json-stable-stringify-2.1.0.tgz 0ms (cache hit)
199 http cache fast-levenshtein@https://registry.npmjs.org/fast-levenshtein/-/fast-levenshtein-2.0.6.tgz 0ms (cache hit)
200 http cache fast-deep-equal@https://registry.npmjs.org/fast-deep-equal/-/fast-deep-equal-3.1.3.tgz 0ms (cache hit)
201 http cache esutils@https://registry.npmjs.org/esutils/-/esutils-2.0.3.tgz 0ms (cache hit)
202 http cache estraverse@https://registry.npmjs.org/estraverse/-/estraverse-5.3.0.tgz 0ms (cache hit)
203 http cache esrecurse@https://registry.npmjs.org/esrecurse/-/esrecurse-4.3.0.tgz 0ms (cache hit)
204 http cache esquery@https://registry.npmjs.org/esquery/-/esquery-1.7.0.tgz 0ms (cache hit)
205 http cache espree@https://registry.npmjs.org/espree/-/espree-11.2.0.tgz 0ms (cache hit)
206 http cache eslint-scope@https://registry.npmjs.org/eslint-scope/-/eslint-scope-9.1.2.tgz 0ms (cache hit)
207 http cache eslint-visitor-keys@https://registry.npmjs.org/eslint-visitor-keys/-/eslint-visitor-keys-5.0.1.tgz 0ms (cache hit)
208 http cache eslint-plugin-react-refresh@https://registry.npmjs.org/eslint-plugin-react-refresh/-/eslint-plugin-react-refresh-0.5.4.tgz 0ms (cache hit)
209 http cache eslint-plugin-react-hooks@https://registry.npmjs.org/eslint-plugin-react-hooks/-/eslint-plugin-react-hooks-7.1.1.tgz 0ms (cache hit)
210 http cache eslint@https://registry.npmjs.org/eslint/-/eslint-10.8.1.tgz 0ms (cache hit)
211 http cache escape-string-regexp@https://registry.npmjs.org/escape-string-regexp/-/escape-string-regexp-4.0.0.tgz 0ms (cache hit)
212 http cache es-object-atoms@https://registry.npmjs.org/es-object-atoms/-/es-object-atoms-1.1.2.tgz 0ms (cache hit)
213 http cache es-set-tostringtag@https://registry.npmjs.org/es-set-tostringtag/-/es-set-tostringtag-2.1.0.tgz 0ms (cache hit)
214 http cache escalade@https://registry.npmjs.org/escalade/-/escalade-3.2.0.tgz 0ms (cache hit)
215 http cache enhanced-resolve@https://registry.npmjs.org/enhanced-resolve/-/enhanced-resolve-5.24.5.tgz 0ms (cache hit)
216 http cache es-errors@https://registry.npmjs.org/es-errors/-/es-errors-1.3.0.tgz 0ms (cache hit)
217 http cache es-define-property@https://registry.npmjs.org/es-define-property/-/es-define-property-1.0.1.tgz 0ms (cache hit)
218 http cache electron-to-chromium@https://registry.npmjs.org/electron-to-chromium/-/electron-to-chromium-1.5.411.tgz 0ms (cache hit)
219 http cache detect-libc@https://registry.npmjs.org/detect-libc/-/detect-libc-2.1.2.tgz 0ms (cache hit)
220 http cache delayed-stream@https://registry.npmjs.org/delayed-stream/-/delayed-stream-1.0.0.tgz 0ms (cache hit)
221 http cache deep-is@https://registry.npmjs.org/deep-is/-/deep-is-0.1.4.tgz 0ms (cache hit)
222 http cache dunder-proto@https://registry.npmjs.org/dunder-proto/-/dunder-proto-1.0.1.tgz 0ms (cache hit)
223 http cache debug@https://registry.npmjs.org/debug/-/debug-4.4.3.tgz 0ms (cache hit)
224 http cache cookie@https://registry.npmjs.org/cookie/-/cookie-1.1.1.tgz 0ms (cache hit)
225 http cache cross-spawn@https://registry.npmjs.org/cross-spawn/-/cross-spawn-7.0.6.tgz 0ms (cache hit)
226 http cache combined-stream@https://registry.npmjs.org/combined-stream/-/combined-stream-1.0.8.tgz 0ms (cache hit)
227 http cache csstype@https://registry.npmjs.org/csstype/-/csstype-3.2.3.tgz 0ms (cache hit)
228 http cache convert-source-map@https://registry.npmjs.org/convert-source-map/-/convert-source-map-2.0.0.tgz 0ms (cache hit)
229 http cache caniuse-lite@https://registry.npmjs.org/caniuse-lite/-/caniuse-lite-1.0.30001809.tgz 0ms (cache hit)
230 http cache call-bind-apply-helpers@https://registry.npmjs.org/call-bind-apply-helpers/-/call-bind-apply-helpers-1.0.2.tgz 0ms (cache hit)
231 http cache browserslist@https://registry.npmjs.org/browserslist/-/browserslist-4.28.8.tgz 0ms (cache hit)
232 http cache brace-expansion@https://registry.npmjs.org/brace-expansion/-/brace-expansion-5.0.9.tgz 0ms (cache hit)
233 http cache balanced-match@https://registry.npmjs.org/balanced-match/-/balanced-match-4.0.4.tgz 0ms (cache hit)
234 http cache baseline-browser-mapping@https://registry.npmjs.org/baseline-browser-mapping/-/baseline-browser-mapping-2.11.15.tgz 0ms (cache hit)
235 http cache ajv@https://registry.npmjs.org/ajv/-/ajv-6.15.0.tgz 0ms (cache hit)
236 http cache axios@https://registry.npmjs.org/axios/-/axios-1.20.0.tgz 0ms (cache hit)
237 http cache asynckit@https://registry.npmjs.org/asynckit/-/asynckit-0.4.0.tgz 0ms (cache hit)
238 http cache agent-base@https://registry.npmjs.org/agent-base/-/agent-base-6.0.2.tgz 0ms (cache hit)
239 http cache acorn@https://registry.npmjs.org/acorn/-/acorn-8.18.0.tgz 0ms (cache hit)
240 http cache acorn-jsx@https://registry.npmjs.org/acorn-jsx/-/acorn-jsx-5.3.2.tgz 0ms (cache hit)
241 http cache @vitejs/plugin-react@https://registry.npmjs.org/@vitejs/plugin-react/-/plugin-react-6.1.0.tgz 0ms (cache hit)
242 http cache @types/use-sync-external-store@https://registry.npmjs.org/@types/use-sync-external-store/-/use-sync-external-store-0.0.6.tgz 0ms (cache hit)
243 http cache @types/react@https://registry.npmjs.org/@types/react/-/react-19.2.18.tgz 0ms (cache hit)
244 http cache @types/react-dom@https://registry.npmjs.org/@types/react-dom/-/react-dom-19.2.4.tgz 0ms (cache hit)
245 http cache @types/json-schema@https://registry.npmjs.org/@types/json-schema/-/json-schema-7.0.15.tgz 0ms (cache hit)
246 http cache @types/esrecurse@https://registry.npmjs.org/@types/esrecurse/-/esrecurse-4.3.1.tgz 0ms (cache hit)
247 http cache @types/estree@https://registry.npmjs.org/@types/estree/-/estree-1.0.9.tgz 0ms (cache hit)
248 http cache @tailwindcss/vite@https://registry.npmjs.org/@tailwindcss/vite/-/vite-4.3.3.tgz 0ms (cache hit)
249 http cache @tailwindcss/oxide-win32-x64-msvc@https://registry.npmjs.org/@tailwindcss/oxide-win32-x64-msvc/-/oxide-win32-x64-msvc-4.3.3.tgz 0ms (cache hit)
250 http cache @tailwindcss/oxide@https://registry.npmjs.org/@tailwindcss/oxide/-/oxide-4.3.3.tgz 0ms (cache hit)
251 http cache @tailwindcss/node@https://registry.npmjs.org/@tailwindcss/node/-/node-4.3.3.tgz 0ms (cache hit)
252 http cache @standard-schema/utils@https://registry.npmjs.org/@standard-schema/utils/-/utils-0.3.0.tgz 0ms (cache hit)
253 http cache @standard-schema/spec@https://registry.npmjs.org/@standard-schema/spec/-/spec-1.1.0.tgz 0ms (cache hit)
254 http cache @rolldown/pluginutils@https://registry.npmjs.org/@rolldown/pluginutils/-/pluginutils-1.0.1.tgz 0ms (cache hit)
255 http cache @rolldown/binding-win32-x64-msvc@https://registry.npmjs.org/@rolldown/binding-win32-x64-msvc/-/binding-win32-x64-msvc-1.2.5.tgz 0ms (cache hit)
256 http cache @reduxjs/toolkit@https://registry.npmjs.org/@reduxjs/toolkit/-/toolkit-2.12.0.tgz 0ms (cache hit)
257 http cache @jridgewell/trace-mapping@https://registry.npmjs.org/@jridgewell/trace-mapping/-/trace-mapping-0.3.31.tgz 0ms (cache hit)
258 http cache @oxc-project/types@https://registry.npmjs.org/@oxc-project/types/-/types-0.146.0.tgz 0ms (cache hit)
259 http cache @jridgewell/sourcemap-codec@https://registry.npmjs.org/@jridgewell/sourcemap-codec/-/sourcemap-codec-1.5.5.tgz 0ms (cache hit)
260 http cache @jridgewell/remapping@https://registry.npmjs.org/@jridgewell/remapping/-/remapping-2.3.5.tgz 0ms (cache hit)
261 http cache @jridgewell/resolve-uri@https://registry.npmjs.org/@jridgewell/resolve-uri/-/resolve-uri-3.1.2.tgz 0ms (cache hit)
262 http cache @jridgewell/gen-mapping@https://registry.npmjs.org/@jridgewell/gen-mapping/-/gen-mapping-0.3.13.tgz 0ms (cache hit)
263 http cache @humanwhocodes/retry@https://registry.npmjs.org/@humanwhocodes/retry/-/retry-0.4.3.tgz 0ms (cache hit)
264 http cache @humanwhocodes/module-importer@https://registry.npmjs.org/@humanwhocodes/module-importer/-/module-importer-1.0.1.tgz 0ms (cache hit)
265 http cache @humanfs/node@https://registry.npmjs.org/@humanfs/node/-/node-0.16.8.tgz 0ms (cache hit)
266 http cache @humanfs/types@https://registry.npmjs.org/@humanfs/types/-/types-0.15.0.tgz 0ms (cache hit)
267 http cache @eslint/plugin-kit@https://registry.npmjs.org/@eslint/plugin-kit/-/plugin-kit-0.7.2.tgz 0ms (cache hit)
268 http cache @humanfs/core@https://registry.npmjs.org/@humanfs/core/-/core-0.19.2.tgz 0ms (cache hit)
269 http cache @eslint/object-schema@https://registry.npmjs.org/@eslint/object-schema/-/object-schema-3.0.5.tgz 0ms (cache hit)
270 http cache @eslint/core@https://registry.npmjs.org/@eslint/core/-/core-1.2.1.tgz 0ms (cache hit)
271 http cache @eslint/js@https://registry.npmjs.org/@eslint/js/-/js-10.0.1.tgz 0ms (cache hit)
272 http cache @eslint/config-helpers@https://registry.npmjs.org/@eslint/config-helpers/-/config-helpers-0.7.0.tgz 0ms (cache hit)
273 http cache @eslint/config-array@https://registry.npmjs.org/@eslint/config-array/-/config-array-0.23.5.tgz 0ms (cache hit)
274 http cache @babel/types@https://registry.npmjs.org/@babel/types/-/types-7.29.8.tgz 0ms (cache hit)
275 http cache @eslint-community/regexpp@https://registry.npmjs.org/@eslint-community/regexpp/-/regexpp-4.12.2.tgz 0ms (cache hit)
276 http cache @babel/template@https://registry.npmjs.org/@babel/template/-/template-7.29.7.tgz 0ms (cache hit)
277 http cache @babel/traverse@https://registry.npmjs.org/@babel/traverse/-/traverse-7.29.8.tgz 0ms (cache hit)
278 http cache @eslint-community/eslint-utils@https://registry.npmjs.org/@eslint-community/eslint-utils/-/eslint-utils-4.10.1.tgz 0ms (cache hit)
279 http cache @babel/parser@https://registry.npmjs.org/@babel/parser/-/parser-7.29.8.tgz 0ms (cache hit)
280 http cache @babel/helpers@https://registry.npmjs.org/@babel/helpers/-/helpers-7.29.7.tgz 0ms (cache hit)
281 http cache @babel/helper-validator-option@https://registry.npmjs.org/@babel/helper-validator-option/-/helper-validator-option-7.29.7.tgz 0ms (cache hit)
282 http cache @babel/helper-string-parser@https://registry.npmjs.org/@babel/helper-string-parser/-/helper-string-parser-7.29.7.tgz 0ms (cache hit)
283 http cache @babel/helper-validator-identifier@https://registry.npmjs.org/@babel/helper-validator-identifier/-/helper-validator-identifier-7.29.7.tgz 0ms (cache hit)
284 http cache @babel/helper-module-transforms@https://registry.npmjs.org/@babel/helper-module-transforms/-/helper-module-transforms-7.29.7.tgz 0ms (cache hit)
285 http cache @babel/helper-compilation-targets@https://registry.npmjs.org/@babel/helper-compilation-targets/-/helper-compilation-targets-7.29.7.tgz 0ms (cache hit)
286 http cache @babel/helper-module-imports@https://registry.npmjs.org/@babel/helper-module-imports/-/helper-module-imports-7.29.7.tgz 0ms (cache hit)
287 http cache @babel/helper-globals@https://registry.npmjs.org/@babel/helper-globals/-/helper-globals-7.29.7.tgz 0ms (cache hit)
288 http cache @babel/generator@https://registry.npmjs.org/@babel/generator/-/generator-7.29.8.tgz 0ms (cache hit)
289 http cache @babel/core@https://registry.npmjs.org/@babel/core/-/core-7.29.7.tgz 0ms (cache hit)
290 http cache @babel/compat-data@https://registry.npmjs.org/@babel/compat-data/-/compat-data-7.29.7.tgz 0ms (cache hit)
291 http cache @babel/code-frame@https://registry.npmjs.org/@babel/code-frame/-/code-frame-7.29.7.tgz 0ms (cache hit)
292 http cache lightningcss@https://registry.npmjs.org/lightningcss/-/lightningcss-1.32.0.tgz 0ms (cache hit)
293 http cache lightningcss-win32-x64-msvc@https://registry.npmjs.org/lightningcss-win32-x64-msvc/-/lightningcss-win32-x64-msvc-1.32.0.tgz 0ms (cache hit)
294 http cache eslint-visitor-keys@https://registry.npmjs.org/eslint-visitor-keys/-/eslint-visitor-keys-3.4.3.tgz 0ms (cache hit)
295 silly tarball no local data for yocto-queue@https://registry.npmjs.org/yocto-queue/-/yocto-queue-0.1.0.tgz. Extracting by manifest.
296 silly tarball no local data for zod@https://registry.npmjs.org/zod/-/zod-4.4.3.tgz. Extracting by manifest.
297 silly tarball no local data for yallist@https://registry.npmjs.org/yallist/-/yallist-3.1.1.tgz. Extracting by manifest.
298 silly tarball no local data for zod-validation-error@https://registry.npmjs.org/zod-validation-error/-/zod-validation-error-4.0.2.tgz. Extracting by manifest.
299 silly tarball no local data for word-wrap@https://registry.npmjs.org/word-wrap/-/word-wrap-1.2.5.tgz. Extracting by manifest.
300 silly tarball no local data for use-sync-external-store@https://registry.npmjs.org/use-sync-external-store/-/use-sync-external-store-1.6.0.tgz. Extracting by manifest.
301 silly tarball no local data for vite@https://registry.npmjs.org/vite/-/vite-8.2.2.tgz. Extracting by manifest.
302 silly tarball no local data for which@https://registry.npmjs.org/which/-/which-2.0.2.tgz. Extracting by manifest.
303 silly tarball no local data for update-browserslist-db@https://registry.npmjs.org/update-browserslist-db/-/update-browserslist-db-1.3.1.tgz. Extracting by manifest.
304 silly tarball no local data for uri-js@https://registry.npmjs.org/uri-js/-/uri-js-4.4.1.tgz. Extracting by manifest.
305 silly tarball no local data for type-check@https://registry.npmjs.org/type-check/-/type-check-0.4.0.tgz. Extracting by manifest.
306 silly tarball no local data for tailwindcss@https://registry.npmjs.org/tailwindcss/-/tailwindcss-4.3.3.tgz. Extracting by manifest.
307 silly tarball no local data for shebang-command@https://registry.npmjs.org/shebang-command/-/shebang-command-2.0.0.tgz. Extracting by manifest.
308 silly tarball no local data for source-map-js@https://registry.npmjs.org/source-map-js/-/source-map-js-1.2.1.tgz. Extracting by manifest.
309 silly tarball no local data for shebang-regex@https://registry.npmjs.org/shebang-regex/-/shebang-regex-3.0.0.tgz. Extracting by manifest.
310 silly tarball no local data for semver@https://registry.npmjs.org/semver/-/semver-6.3.1.tgz. Extracting by manifest.
311 silly tarball no local data for set-cookie-parser@https://registry.npmjs.org/set-cookie-parser/-/set-cookie-parser-2.7.2.tgz. Extracting by manifest.
312 silly tarball no local data for scheduler@https://registry.npmjs.org/scheduler/-/scheduler-0.27.0.tgz. Extracting by manifest.
313 silly tarball no local data for rolldown@https://registry.npmjs.org/rolldown/-/rolldown-1.2.5.tgz. Extracting by manifest.
314 silly tarball no local data for tinyglobby@https://registry.npmjs.org/tinyglobby/-/tinyglobby-0.2.17.tgz. Extracting by manifest.
315 silly tarball no local data for reselect@https://registry.npmjs.org/reselect/-/reselect-5.2.0.tgz. Extracting by manifest.
316 silly tarball no local data for redux-thunk@https://registry.npmjs.org/redux-thunk/-/redux-thunk-3.1.0.tgz. Extracting by manifest.
317 silly tarball no local data for react-router-dom@https://registry.npmjs.org/react-router-dom/-/react-router-dom-7.18.2.tgz. Extracting by manifest.
318 silly tarball no local data for redux@https://registry.npmjs.org/redux/-/redux-5.0.1.tgz. Extracting by manifest.
319 silly tarball no local data for react-router@https://registry.npmjs.org/react-router/-/react-router-7.18.2.tgz. Extracting by manifest.
320 silly tarball no local data for react-redux@https://registry.npmjs.org/react-redux/-/react-redux-9.3.0.tgz. Extracting by manifest.
321 silly tarball no local data for tapable@https://registry.npmjs.org/tapable/-/tapable-2.3.3.tgz. Extracting by manifest.
322 silly tarball no local data for react-dom@https://registry.npmjs.org/react-dom/-/react-dom-19.2.8.tgz. Extracting by manifest.
323 silly tarball no local data for punycode@https://registry.npmjs.org/punycode/-/punycode-2.3.1.tgz. Extracting by manifest.
324 silly tarball no local data for proxy-from-env@https://registry.npmjs.org/proxy-from-env/-/proxy-from-env-2.1.0.tgz. Extracting by manifest.
325 silly tarball no local data for prelude-ls@https://registry.npmjs.org/prelude-ls/-/prelude-ls-1.2.1.tgz. Extracting by manifest.
326 silly tarball no local data for postcss@https://registry.npmjs.org/postcss/-/postcss-8.5.26.tgz. Extracting by manifest.
327 silly tarball no local data for picomatch@https://registry.npmjs.org/picomatch/-/picomatch-4.0.5.tgz. Extracting by manifest.
328 silly tarball no local data for picocolors@https://registry.npmjs.org/picocolors/-/picocolors-1.1.1.tgz. Extracting by manifest.
329 silly tarball no local data for react@https://registry.npmjs.org/react/-/react-19.2.8.tgz. Extracting by manifest.
330 silly tarball no local data for path-key@https://registry.npmjs.org/path-key/-/path-key-3.1.1.tgz. Extracting by manifest.
331 silly tarball no local data for p-locate@https://registry.npmjs.org/p-locate/-/p-locate-5.0.0.tgz. Extracting by manifest.
332 silly tarball no local data for optionator@https://registry.npmjs.org/optionator/-/optionator-0.9.4.tgz. Extracting by manifest.
333 silly tarball no local data for p-limit@https://registry.npmjs.org/p-limit/-/p-limit-3.1.0.tgz. Extracting by manifest.
334 silly tarball no local data for node-releases@https://registry.npmjs.org/node-releases/-/node-releases-2.0.53.tgz. Extracting by manifest.
335 silly tarball no local data for natural-compare@https://registry.npmjs.org/natural-compare/-/natural-compare-1.4.0.tgz. Extracting by manifest.
336 silly tarball no local data for nanoid@https://registry.npmjs.org/nanoid/-/nanoid-3.3.18.tgz. Extracting by manifest.
337 silly tarball no local data for path-exists@https://registry.npmjs.org/path-exists/-/path-exists-4.0.0.tgz. Extracting by manifest.
338 silly tarball no local data for ms@https://registry.npmjs.org/ms/-/ms-2.1.3.tgz. Extracting by manifest.
339 silly tarball no local data for minimatch@https://registry.npmjs.org/minimatch/-/minimatch-10.2.6.tgz. Extracting by manifest.
340 silly tarball no local data for mime-types@https://registry.npmjs.org/mime-types/-/mime-types-2.1.35.tgz. Extracting by manifest.
341 silly tarball no local data for mime-db@https://registry.npmjs.org/mime-db/-/mime-db-1.52.0.tgz. Extracting by manifest.
342 silly tarball no local data for math-intrinsics@https://registry.npmjs.org/math-intrinsics/-/math-intrinsics-1.1.0.tgz. Extracting by manifest.
343 silly tarball no local data for magic-string@https://registry.npmjs.org/magic-string/-/magic-string-0.30.21.tgz. Extracting by manifest.
344 silly tarball no local data for lru-cache@https://registry.npmjs.org/lru-cache/-/lru-cache-5.1.1.tgz. Extracting by manifest.
345 silly tarball no local data for locate-path@https://registry.npmjs.org/locate-path/-/locate-path-6.0.0.tgz. Extracting by manifest.
346 silly tarball no local data for levn@https://registry.npmjs.org/levn/-/levn-0.4.1.tgz. Extracting by manifest.
347 silly tarball no local data for lightningcss-win32-x64-msvc@https://registry.npmjs.org/lightningcss-win32-x64-msvc/-/lightningcss-win32-x64-msvc-1.33.0.tgz. Extracting by manifest.
348 silly tarball no local data for lightningcss@https://registry.npmjs.org/lightningcss/-/lightningcss-1.33.0.tgz. Extracting by manifest.
349 silly tarball no local data for json5@https://registry.npmjs.org/json5/-/json5-2.2.3.tgz. Extracting by manifest.
350 silly tarball no local data for keyv@https://registry.npmjs.org/keyv/-/keyv-4.5.4.tgz. Extracting by manifest.
351 silly tarball no local data for json-stable-stringify-without-jsonify@https://registry.npmjs.org/json-stable-stringify-without-jsonify/-/json-stable-stringify-without-jsonify-1.0.1.tgz. Extracting by manifest.
352 silly tarball no local data for json-schema-traverse@https://registry.npmjs.org/json-schema-traverse/-/json-schema-traverse-0.4.1.tgz. Extracting by manifest.
353 silly tarball no local data for json-buffer@https://registry.npmjs.org/json-buffer/-/json-buffer-3.0.1.tgz. Extracting by manifest.
354 silly tarball no local data for jsesc@https://registry.npmjs.org/jsesc/-/jsesc-3.1.0.tgz. Extracting by manifest.
355 silly tarball no local data for js-tokens@https://registry.npmjs.org/js-tokens/-/js-tokens-4.0.0.tgz. Extracting by manifest.
356 silly tarball no local data for jiti@https://registry.npmjs.org/jiti/-/jiti-2.7.0.tgz. Extracting by manifest.
357 silly tarball no local data for is-extglob@https://registry.npmjs.org/is-extglob/-/is-extglob-2.1.1.tgz. Extracting by manifest.
358 silly tarball no local data for isexe@https://registry.npmjs.org/isexe/-/isexe-2.0.0.tgz. Extracting by manifest.
359 silly tarball no local data for imurmurhash@https://registry.npmjs.org/imurmurhash/-/imurmurhash-0.1.4.tgz. Extracting by manifest.
360 silly tarball no local data for immer@https://registry.npmjs.org/immer/-/immer-11.1.18.tgz. Extracting by manifest.
361 silly tarball no local data for is-glob@https://registry.npmjs.org/is-glob/-/is-glob-4.0.3.tgz. Extracting by manifest.
362 silly tarball no local data for ignore@https://registry.npmjs.org/ignore/-/ignore-5.3.2.tgz. Extracting by manifest.
363 silly tarball no local data for https-proxy-agent@https://registry.npmjs.org/https-proxy-agent/-/https-proxy-agent-5.0.1.tgz. Extracting by manifest.
364 silly tarball no local data for hermes-parser@https://registry.npmjs.org/hermes-parser/-/hermes-parser-0.25.1.tgz. Extracting by manifest.
365 silly tarball no local data for hermes-estree@https://registry.npmjs.org/hermes-estree/-/hermes-estree-0.25.1.tgz. Extracting by manifest.
366 silly tarball no local data for hasown@https://registry.npmjs.org/hasown/-/hasown-2.0.4.tgz. Extracting by manifest.
367 silly tarball no local data for has-tostringtag@https://registry.npmjs.org/has-tostringtag/-/has-tostringtag-1.0.2.tgz. Extracting by manifest.
368 silly tarball no local data for has-symbols@https://registry.npmjs.org/has-symbols/-/has-symbols-1.1.0.tgz. Extracting by manifest.
369 silly tarball no local data for graceful-fs@https://registry.npmjs.org/graceful-fs/-/graceful-fs-4.2.11.tgz. Extracting by manifest.
370 silly tarball no local data for gopd@https://registry.npmjs.org/gopd/-/gopd-1.2.0.tgz. Extracting by manifest.
371 silly tarball no local data for globals@https://registry.npmjs.org/globals/-/globals-17.11.0.tgz. Extracting by manifest.
372 silly tarball no local data for get-proto@https://registry.npmjs.org/get-proto/-/get-proto-1.0.1.tgz. Extracting by manifest.
373 silly tarball no local data for glob-parent@https://registry.npmjs.org/glob-parent/-/glob-parent-6.0.2.tgz. Extracting by manifest.
374 silly tarball no local data for get-intrinsic@https://registry.npmjs.org/get-intrinsic/-/get-intrinsic-1.3.0.tgz. Extracting by manifest.
375 silly tarball no local data for function-bind@https://registry.npmjs.org/function-bind/-/function-bind-1.1.2.tgz. Extracting by manifest.
376 silly tarball no local data for gensync@https://registry.npmjs.org/gensync/-/gensync-1.0.0-beta.2.tgz. Extracting by manifest.
377 silly tarball no local data for form-data@https://registry.npmjs.org/form-data/-/form-data-4.0.6.tgz. Extracting by manifest.
378 silly tarball no local data for follow-redirects@https://registry.npmjs.org/follow-redirects/-/follow-redirects-1.16.0.tgz. Extracting by manifest.
379 silly tarball no local data for flat-cache@https://registry.npmjs.org/flat-cache/-/flat-cache-4.0.1.tgz. Extracting by manifest.
380 silly tarball no local data for flatted@https://registry.npmjs.org/flatted/-/flatted-3.4.4.tgz. Extracting by manifest.
381 silly tarball no local data for fdir@https://registry.npmjs.org/fdir/-/fdir-6.5.0.tgz. Extracting by manifest.
382 silly tarball no local data for find-up@https://registry.npmjs.org/find-up/-/find-up-5.0.0.tgz. Extracting by manifest.
383 silly tarball no local data for file-entry-cache@https://registry.npmjs.org/file-entry-cache/-/file-entry-cache-8.0.0.tgz. Extracting by manifest.
384 silly tarball no local data for fast-json-stable-stringify@https://registry.npmjs.org/fast-json-stable-stringify/-/fast-json-stable-stringify-2.1.0.tgz. Extracting by manifest.
385 silly tarball no local data for fast-levenshtein@https://registry.npmjs.org/fast-levenshtein/-/fast-levenshtein-2.0.6.tgz. Extracting by manifest.
386 silly tarball no local data for fast-deep-equal@https://registry.npmjs.org/fast-deep-equal/-/fast-deep-equal-3.1.3.tgz. Extracting by manifest.
387 silly tarball no local data for esutils@https://registry.npmjs.org/esutils/-/esutils-2.0.3.tgz. Extracting by manifest.
388 silly tarball no local data for estraverse@https://registry.npmjs.org/estraverse/-/estraverse-5.3.0.tgz. Extracting by manifest.
389 silly tarball no local data for esrecurse@https://registry.npmjs.org/esrecurse/-/esrecurse-4.3.0.tgz. Extracting by manifest.
390 silly tarball no local data for esquery@https://registry.npmjs.org/esquery/-/esquery-1.7.0.tgz. Extracting by manifest.
391 silly tarball no local data for espree@https://registry.npmjs.org/espree/-/espree-11.2.0.tgz. Extracting by manifest.
392 silly tarball no local data for eslint-scope@https://registry.npmjs.org/eslint-scope/-/eslint-scope-9.1.2.tgz. Extracting by manifest.
393 silly tarball no local data for eslint-visitor-keys@https://registry.npmjs.org/eslint-visitor-keys/-/eslint-visitor-keys-5.0.1.tgz. Extracting by manifest.
394 silly tarball no local data for eslint-plugin-react-refresh@https://registry.npmjs.org/eslint-plugin-react-refresh/-/eslint-plugin-react-refresh-0.5.4.tgz. Extracting by manifest.
395 silly tarball no local data for eslint-plugin-react-hooks@https://registry.npmjs.org/eslint-plugin-react-hooks/-/eslint-plugin-react-hooks-7.1.1.tgz. Extracting by manifest.
396 silly tarball no local data for eslint@https://registry.npmjs.org/eslint/-/eslint-10.8.1.tgz. Extracting by manifest.
397 silly tarball no local data for escape-string-regexp@https://registry.npmjs.org/escape-string-regexp/-/escape-string-regexp-4.0.0.tgz. Extracting by manifest.
398 silly tarball no local data for es-object-atoms@https://registry.npmjs.org/es-object-atoms/-/es-object-atoms-1.1.2.tgz. Extracting by manifest.
399 silly tarball no local data for es-set-tostringtag@https://registry.npmjs.org/es-set-tostringtag/-/es-set-tostringtag-2.1.0.tgz. Extracting by manifest.
400 silly tarball no local data for escalade@https://registry.npmjs.org/escalade/-/escalade-3.2.0.tgz. Extracting by manifest.
401 silly tarball no local data for enhanced-resolve@https://registry.npmjs.org/enhanced-resolve/-/enhanced-resolve-5.24.5.tgz. Extracting by manifest.
402 silly tarball no local data for es-errors@https://registry.npmjs.org/es-errors/-/es-errors-1.3.0.tgz. Extracting by manifest.
403 silly tarball no local data for es-define-property@https://registry.npmjs.org/es-define-property/-/es-define-property-1.0.1.tgz. Extracting by manifest.
404 silly tarball no local data for electron-to-chromium@https://registry.npmjs.org/electron-to-chromium/-/electron-to-chromium-1.5.411.tgz. Extracting by manifest.
405 silly tarball no local data for detect-libc@https://registry.npmjs.org/detect-libc/-/detect-libc-2.1.2.tgz. Extracting by manifest.
406 silly tarball no local data for delayed-stream@https://registry.npmjs.org/delayed-stream/-/delayed-stream-1.0.0.tgz. Extracting by manifest.
407 silly tarball no local data for deep-is@https://registry.npmjs.org/deep-is/-/deep-is-0.1.4.tgz. Extracting by manifest.
408 silly tarball no local data for dunder-proto@https://registry.npmjs.org/dunder-proto/-/dunder-proto-1.0.1.tgz. Extracting by manifest.
409 silly tarball no local data for debug@https://registry.npmjs.org/debug/-/debug-4.4.3.tgz. Extracting by manifest.
410 silly tarball no local data for cookie@https://registry.npmjs.org/cookie/-/cookie-1.1.1.tgz. Extracting by manifest.
411 silly tarball no local data for cross-spawn@https://registry.npmjs.org/cross-spawn/-/cross-spawn-7.0.6.tgz. Extracting by manifest.
412 silly tarball no local data for combined-stream@https://registry.npmjs.org/combined-stream/-/combined-stream-1.0.8.tgz. Extracting by manifest.
413 silly tarball no local data for csstype@https://registry.npmjs.org/csstype/-/csstype-3.2.3.tgz. Extracting by manifest.
414 silly tarball no local data for convert-source-map@https://registry.npmjs.org/convert-source-map/-/convert-source-map-2.0.0.tgz. Extracting by manifest.
415 silly tarball no local data for caniuse-lite@https://registry.npmjs.org/caniuse-lite/-/caniuse-lite-1.0.30001809.tgz. Extracting by manifest.
416 silly tarball no local data for call-bind-apply-helpers@https://registry.npmjs.org/call-bind-apply-helpers/-/call-bind-apply-helpers-1.0.2.tgz. Extracting by manifest.
417 silly tarball no local data for browserslist@https://registry.npmjs.org/browserslist/-/browserslist-4.28.8.tgz. Extracting by manifest.
418 silly tarball no local data for brace-expansion@https://registry.npmjs.org/brace-expansion/-/brace-expansion-5.0.9.tgz. Extracting by manifest.
419 silly tarball no local data for balanced-match@https://registry.npmjs.org/balanced-match/-/balanced-match-4.0.4.tgz. Extracting by manifest.
420 silly tarball no local data for baseline-browser-mapping@https://registry.npmjs.org/baseline-browser-mapping/-/baseline-browser-mapping-2.11.15.tgz. Extracting by manifest.
421 silly tarball no local data for ajv@https://registry.npmjs.org/ajv/-/ajv-6.15.0.tgz. Extracting by manifest.
422 silly tarball no local data for axios@https://registry.npmjs.org/axios/-/axios-1.20.0.tgz. Extracting by manifest.
423 silly tarball no local data for asynckit@https://registry.npmjs.org/asynckit/-/asynckit-0.4.0.tgz. Extracting by manifest.
424 silly tarball no local data for agent-base@https://registry.npmjs.org/agent-base/-/agent-base-6.0.2.tgz. Extracting by manifest.
425 silly tarball no local data for acorn@https://registry.npmjs.org/acorn/-/acorn-8.18.0.tgz. Extracting by manifest.
426 silly tarball no local data for acorn-jsx@https://registry.npmjs.org/acorn-jsx/-/acorn-jsx-5.3.2.tgz. Extracting by manifest.
427 silly tarball no local data for @vitejs/plugin-react@https://registry.npmjs.org/@vitejs/plugin-react/-/plugin-react-6.1.0.tgz. Extracting by manifest.
428 silly tarball no local data for @types/use-sync-external-store@https://registry.npmjs.org/@types/use-sync-external-store/-/use-sync-external-store-0.0.6.tgz. Extracting by manifest.
429 silly tarball no local data for @types/react@https://registry.npmjs.org/@types/react/-/react-19.2.18.tgz. Extracting by manifest.
430 silly tarball no local data for @types/react-dom@https://registry.npmjs.org/@types/react-dom/-/react-dom-19.2.4.tgz. Extracting by manifest.
431 silly tarball no local data for @types/json-schema@https://registry.npmjs.org/@types/json-schema/-/json-schema-7.0.15.tgz. Extracting by manifest.
432 silly tarball no local data for @types/esrecurse@https://registry.npmjs.org/@types/esrecurse/-/esrecurse-4.3.1.tgz. Extracting by manifest.
433 silly tarball no local data for @types/estree@https://registry.npmjs.org/@types/estree/-/estree-1.0.9.tgz. Extracting by manifest.
434 silly tarball no local data for @tailwindcss/vite@https://registry.npmjs.org/@tailwindcss/vite/-/vite-4.3.3.tgz. Extracting by manifest.
435 silly tarball no local data for @tailwindcss/oxide-win32-x64-msvc@https://registry.npmjs.org/@tailwindcss/oxide-win32-x64-msvc/-/oxide-win32-x64-msvc-4.3.3.tgz. Extracting by manifest.
436 silly tarball no local data for @tailwindcss/oxide@https://registry.npmjs.org/@tailwindcss/oxide/-/oxide-4.3.3.tgz. Extracting by manifest.
437 silly tarball no local data for @tailwindcss/node@https://registry.npmjs.org/@tailwindcss/node/-/node-4.3.3.tgz. Extracting by manifest.
438 silly tarball no local data for @standard-schema/utils@https://registry.npmjs.org/@standard-schema/utils/-/utils-0.3.0.tgz. Extracting by manifest.
439 silly tarball no local data for @standard-schema/spec@https://registry.npmjs.org/@standard-schema/spec/-/spec-1.1.0.tgz. Extracting by manifest.
440 silly tarball no local data for @rolldown/pluginutils@https://registry.npmjs.org/@rolldown/pluginutils/-/pluginutils-1.0.1.tgz. Extracting by manifest.
441 silly tarball no local data for @rolldown/binding-win32-x64-msvc@https://registry.npmjs.org/@rolldown/binding-win32-x64-msvc/-/binding-win32-x64-msvc-1.2.5.tgz. Extracting by manifest.
442 silly tarball no local data for @reduxjs/toolkit@https://registry.npmjs.org/@reduxjs/toolkit/-/toolkit-2.12.0.tgz. Extracting by manifest.
443 silly tarball no local data for @jridgewell/trace-mapping@https://registry.npmjs.org/@jridgewell/trace-mapping/-/trace-mapping-0.3.31.tgz. Extracting by manifest.
444 silly tarball no local data for @oxc-project/types@https://registry.npmjs.org/@oxc-project/types/-/types-0.146.0.tgz. Extracting by manifest.
445 silly tarball no local data for @jridgewell/sourcemap-codec@https://registry.npmjs.org/@jridgewell/sourcemap-codec/-/sourcemap-codec-1.5.5.tgz. Extracting by manifest.
446 silly tarball no local data for @jridgewell/remapping@https://registry.npmjs.org/@jridgewell/remapping/-/remapping-2.3.5.tgz. Extracting by manifest.
447 silly tarball no local data for @jridgewell/resolve-uri@https://registry.npmjs.org/@jridgewell/resolve-uri/-/resolve-uri-3.1.2.tgz. Extracting by manifest.
448 silly tarball no local data for @jridgewell/gen-mapping@https://registry.npmjs.org/@jridgewell/gen-mapping/-/gen-mapping-0.3.13.tgz. Extracting by manifest.
449 silly tarball no local data for @humanwhocodes/retry@https://registry.npmjs.org/@humanwhocodes/retry/-/retry-0.4.3.tgz. Extracting by manifest.
450 silly tarball no local data for @humanwhocodes/module-importer@https://registry.npmjs.org/@humanwhocodes/module-importer/-/module-importer-1.0.1.tgz. Extracting by manifest.
451 silly tarball no local data for @humanfs/node@https://registry.npmjs.org/@humanfs/node/-/node-0.16.8.tgz. Extracting by manifest.
452 silly tarball no local data for @humanfs/types@https://registry.npmjs.org/@humanfs/types/-/types-0.15.0.tgz. Extracting by manifest.
453 silly tarball no local data for @eslint/plugin-kit@https://registry.npmjs.org/@eslint/plugin-kit/-/plugin-kit-0.7.2.tgz. Extracting by manifest.
454 silly tarball no local data for @humanfs/core@https://registry.npmjs.org/@humanfs/core/-/core-0.19.2.tgz. Extracting by manifest.
455 silly tarball no local data for @eslint/object-schema@https://registry.npmjs.org/@eslint/object-schema/-/object-schema-3.0.5.tgz. Extracting by manifest.
456 silly tarball no local data for @eslint/core@https://registry.npmjs.org/@eslint/core/-/core-1.2.1.tgz. Extracting by manifest.
457 silly tarball no local data for @eslint/js@https://registry.npmjs.org/@eslint/js/-/js-10.0.1.tgz. Extracting by manifest.
458 silly tarball no local data for @eslint/config-helpers@https://registry.npmjs.org/@eslint/config-helpers/-/config-helpers-0.7.0.tgz. Extracting by manifest.
459 silly tarball no local data for @eslint/config-array@https://registry.npmjs.org/@eslint/config-array/-/config-array-0.23.5.tgz. Extracting by manifest.
460 silly tarball no local data for @babel/types@https://registry.npmjs.org/@babel/types/-/types-7.29.8.tgz. Extracting by manifest.
461 silly tarball no local data for @eslint-community/regexpp@https://registry.npmjs.org/@eslint-community/regexpp/-/regexpp-4.12.2.tgz. Extracting by manifest.
462 silly tarball no local data for @babel/template@https://registry.npmjs.org/@babel/template/-/template-7.29.7.tgz. Extracting by manifest.
463 silly tarball no local data for @babel/traverse@https://registry.npmjs.org/@babel/traverse/-/traverse-7.29.8.tgz. Extracting by manifest.
464 silly tarball no local data for @eslint-community/eslint-utils@https://registry.npmjs.org/@eslint-community/eslint-utils/-/eslint-utils-4.10.1.tgz. Extracting by manifest.
465 silly tarball no local data for @babel/parser@https://registry.npmjs.org/@babel/parser/-/parser-7.29.8.tgz. Extracting by manifest.
466 silly tarball no local data for @babel/helpers@https://registry.npmjs.org/@babel/helpers/-/helpers-7.29.7.tgz. Extracting by manifest.
467 silly tarball no local data for @babel/helper-validator-option@https://registry.npmjs.org/@babel/helper-validator-option/-/helper-validator-option-7.29.7.tgz. Extracting by manifest.
468 silly tarball no local data for @babel/helper-string-parser@https://registry.npmjs.org/@babel/helper-string-parser/-/helper-string-parser-7.29.7.tgz. Extracting by manifest.
469 silly tarball no local data for @babel/helper-validator-identifier@https://registry.npmjs.org/@babel/helper-validator-identifier/-/helper-validator-identifier-7.29.7.tgz. Extracting by manifest.
470 silly tarball no local data for @babel/helper-module-transforms@https://registry.npmjs.org/@babel/helper-module-transforms/-/helper-module-transforms-7.29.7.tgz. Extracting by manifest.
471 silly tarball no local data for @babel/helper-compilation-targets@https://registry.npmjs.org/@babel/helper-compilation-targets/-/helper-compilation-targets-7.29.7.tgz. Extracting by manifest.
472 silly tarball no local data for @babel/helper-module-imports@https://registry.npmjs.org/@babel/helper-module-imports/-/helper-module-imports-7.29.7.tgz. Extracting by manifest.
473 silly tarball no local data for @babel/helper-globals@https://registry.npmjs.org/@babel/helper-globals/-/helper-globals-7.29.7.tgz. Extracting by manifest.
474 silly tarball no local data for @babel/generator@https://registry.npmjs.org/@babel/generator/-/generator-7.29.8.tgz. Extracting by manifest.
475 silly tarball no local data for @babel/core@https://registry.npmjs.org/@babel/core/-/core-7.29.7.tgz. Extracting by manifest.
476 silly tarball no local data for @babel/compat-data@https://registry.npmjs.org/@babel/compat-data/-/compat-data-7.29.7.tgz. Extracting by manifest.
477 silly tarball no local data for @babel/code-frame@https://registry.npmjs.org/@babel/code-frame/-/code-frame-7.29.7.tgz. Extracting by manifest.
478 silly tarball no local data for lightningcss@https://registry.npmjs.org/lightningcss/-/lightningcss-1.32.0.tgz. Extracting by manifest.
479 silly tarball no local data for lightningcss-win32-x64-msvc@https://registry.npmjs.org/lightningcss-win32-x64-msvc/-/lightningcss-win32-x64-msvc-1.32.0.tgz. Extracting by manifest.
480 silly tarball no local data for eslint-visitor-keys@https://registry.npmjs.org/eslint-visitor-keys/-/eslint-visitor-keys-3.4.3.tgz. Extracting by manifest.
481 http fetch GET 200 https://registry.npmjs.org/yocto-queue/-/yocto-queue-0.1.0.tgz 402ms (cache miss)
482 http fetch GET 200 https://registry.npmjs.org/yallist/-/yallist-3.1.1.tgz 400ms (cache miss)
483 http fetch GET 200 https://registry.npmjs.org/which/-/which-2.0.2.tgz 400ms (cache miss)
484 http fetch GET 200 https://registry.npmjs.org/word-wrap/-/word-wrap-1.2.5.tgz 402ms (cache miss)
485 http fetch GET 200 https://registry.npmjs.org/zod-validation-error/-/zod-validation-error-4.0.2.tgz 446ms (cache miss)
486 http fetch GET 200 https://registry.npmjs.org/update-browserslist-db/-/update-browserslist-db-1.3.1.tgz 525ms (cache miss)
487 http fetch GET 200 https://registry.npmjs.org/use-sync-external-store/-/use-sync-external-store-1.6.0.tgz 621ms (cache miss)
488 http fetch GET 200 https://registry.npmjs.org/shebang-command/-/shebang-command-2.0.0.tgz 621ms (cache miss)
489 http fetch GET 200 https://registry.npmjs.org/type-check/-/type-check-0.4.0.tgz 636ms (cache miss)
490 http fetch GET 200 https://registry.npmjs.org/shebang-regex/-/shebang-regex-3.0.0.tgz 664ms (cache miss)
491 http fetch GET 200 https://registry.npmjs.org/source-map-js/-/source-map-js-1.2.1.tgz 677ms (cache miss)
492 http fetch GET 200 https://registry.npmjs.org/set-cookie-parser/-/set-cookie-parser-2.7.2.tgz 688ms (cache miss)
493 http fetch GET 200 https://registry.npmjs.org/semver/-/semver-6.3.1.tgz 696ms (cache miss)
494 http fetch GET 200 https://registry.npmjs.org/scheduler/-/scheduler-0.27.0.tgz 704ms (cache miss)
495 http fetch POST 200 https://registry.npmjs.org/-/npm/v1/security/advisories/bulk 983ms
496 silly audit report {}
497 http fetch GET 200 https://registry.npmjs.org/tinyglobby/-/tinyglobby-0.2.17.tgz 878ms (cache miss)
498 http fetch GET 200 https://registry.npmjs.org/react-router-dom/-/react-router-dom-7.18.2.tgz 940ms (cache miss)
499 http fetch GET 200 https://registry.npmjs.org/redux-thunk/-/redux-thunk-3.1.0.tgz 951ms (cache miss)
500 http fetch GET 200 https://registry.npmjs.org/tapable/-/tapable-2.3.3.tgz 1105ms (cache miss)
501 http fetch GET 200 https://registry.npmjs.org/uri-js/-/uri-js-4.4.1.tgz 1161ms (cache miss)
502 http fetch GET 200 https://registry.npmjs.org/punycode/-/punycode-2.3.1.tgz 1250ms (cache miss)
503 http fetch GET 200 https://registry.npmjs.org/proxy-from-env/-/proxy-from-env-2.1.0.tgz 1256ms (cache miss)
504 http fetch GET 200 https://registry.npmjs.org/tailwindcss/-/tailwindcss-4.3.3.tgz 1286ms (cache miss)
505 http fetch GET 200 https://registry.npmjs.org/redux/-/redux-5.0.1.tgz 1354ms (cache miss)
506 http fetch GET 200 https://registry.npmjs.org/prelude-ls/-/prelude-ls-1.2.1.tgz 1366ms (cache miss)
507 http fetch GET 200 https://registry.npmjs.org/postcss/-/postcss-8.5.26.tgz 1443ms (cache miss)
508 http fetch GET 200 https://registry.npmjs.org/picomatch/-/picomatch-4.0.5.tgz 1611ms (cache miss)
509 http fetch GET 200 https://registry.npmjs.org/picocolors/-/picocolors-1.1.1.tgz 1661ms (cache miss)
510 http fetch GET 200 https://registry.npmjs.org/p-locate/-/p-locate-5.0.0.tgz 1781ms (cache miss)
511 http fetch GET 200 https://registry.npmjs.org/path-key/-/path-key-3.1.1.tgz 1782ms (cache miss)
512 http fetch GET 200 https://registry.npmjs.org/p-limit/-/p-limit-3.1.0.tgz 1805ms (cache miss)
513 http fetch GET 200 https://registry.npmjs.org/optionator/-/optionator-0.9.4.tgz 1816ms (cache miss)
514 http fetch GET 200 https://registry.npmjs.org/node-releases/-/node-releases-2.0.53.tgz 1830ms (cache miss)
515 http fetch GET 200 https://registry.npmjs.org/react/-/react-19.2.8.tgz 1852ms (cache miss)
516 http fetch GET 200 https://registry.npmjs.org/react-redux/-/react-redux-9.3.0.tgz 1921ms (cache miss)
517 http fetch GET 200 https://registry.npmjs.org/natural-compare/-/natural-compare-1.4.0.tgz 1954ms (cache miss)
518 http fetch GET 200 https://registry.npmjs.org/path-exists/-/path-exists-4.0.0.tgz 1987ms (cache miss)
519 http fetch GET 200 https://registry.npmjs.org/rolldown/-/rolldown-1.2.5.tgz 2016ms (cache miss)
520 http fetch GET 200 https://registry.npmjs.org/reselect/-/reselect-5.2.0.tgz 2023ms (cache miss)
521 http fetch GET 200 https://registry.npmjs.org/nanoid/-/nanoid-3.3.18.tgz 2032ms (cache miss)
522 http fetch GET 200 https://registry.npmjs.org/ms/-/ms-2.1.3.tgz 2079ms (cache miss)
523 http fetch GET 200 https://registry.npmjs.org/mime-types/-/mime-types-2.1.35.tgz 2135ms (cache miss)
524 http fetch GET 200 https://registry.npmjs.org/mime-db/-/mime-db-1.52.0.tgz 2155ms (cache miss)
525 http fetch GET 200 https://registry.npmjs.org/lru-cache/-/lru-cache-5.1.1.tgz 2201ms (cache miss)
526 http fetch GET 200 https://registry.npmjs.org/locate-path/-/locate-path-6.0.0.tgz 2203ms (cache miss)
527 http fetch GET 200 https://registry.npmjs.org/levn/-/levn-0.4.1.tgz 2215ms (cache miss)
528 http fetch GET 200 https://registry.npmjs.org/math-intrinsics/-/math-intrinsics-1.1.0.tgz 2216ms (cache miss)
529 http fetch GET 200 https://registry.npmjs.org/minimatch/-/minimatch-10.2.6.tgz 2309ms (cache miss)
530 http fetch GET 200 https://registry.npmjs.org/magic-string/-/magic-string-0.30.21.tgz 2354ms (cache miss)
531 http fetch GET 200 https://registry.npmjs.org/keyv/-/keyv-4.5.4.tgz 2378ms (cache miss)
532 http fetch GET 200 https://registry.npmjs.org/json-schema-traverse/-/json-schema-traverse-0.4.1.tgz 2384ms (cache miss)
533 http fetch GET 200 https://registry.npmjs.org/json-stable-stringify-without-jsonify/-/json-stable-stringify-without-jsonify-1.0.1.tgz 2398ms (cache miss)
534 http fetch GET 200 https://registry.npmjs.org/json5/-/json5-2.2.3.tgz 2406ms (cache miss)
535 http fetch GET 200 https://registry.npmjs.org/lightningcss/-/lightningcss-1.33.0.tgz 2450ms (cache miss)
536 http fetch GET 200 https://registry.npmjs.org/json-buffer/-/json-buffer-3.0.1.tgz 2474ms (cache miss)
537 http fetch GET 200 https://registry.npmjs.org/jsesc/-/jsesc-3.1.0.tgz 2473ms (cache miss)
538 http fetch GET 200 https://registry.npmjs.org/js-tokens/-/js-tokens-4.0.0.tgz 2474ms (cache miss)
539 http fetch GET 200 https://registry.npmjs.org/is-extglob/-/is-extglob-2.1.1.tgz 2638ms (cache miss)
540 http fetch GET 200 https://registry.npmjs.org/imurmurhash/-/imurmurhash-0.1.4.tgz 2657ms (cache miss)
541 http fetch GET 200 https://registry.npmjs.org/is-glob/-/is-glob-4.0.3.tgz 2699ms (cache miss)
542 http fetch GET 200 https://registry.npmjs.org/isexe/-/isexe-2.0.0.tgz 2710ms (cache miss)
543 http fetch GET 200 https://registry.npmjs.org/ignore/-/ignore-5.3.2.tgz 2751ms (cache miss)
544 http fetch GET 200 https://registry.npmjs.org/https-proxy-agent/-/https-proxy-agent-5.0.1.tgz 2777ms (cache miss)
545 http fetch GET 200 https://registry.npmjs.org/hermes-estree/-/hermes-estree-0.25.1.tgz 2795ms (cache miss)
546 http fetch GET 200 https://registry.npmjs.org/hasown/-/hasown-2.0.4.tgz 2965ms (cache miss)
547 http fetch GET 200 https://registry.npmjs.org/has-tostringtag/-/has-tostringtag-1.0.2.tgz 3019ms (cache miss)
548 http fetch GET 200 https://registry.npmjs.org/has-symbols/-/has-symbols-1.1.0.tgz 3059ms (cache miss)
549 http fetch GET 200 https://registry.npmjs.org/graceful-fs/-/graceful-fs-4.2.11.tgz 3062ms (cache miss)
550 http fetch GET 200 https://registry.npmjs.org/vite/-/vite-8.2.2.tgz 3095ms (cache miss)
551 http fetch GET 200 https://registry.npmjs.org/gopd/-/gopd-1.2.0.tgz 3077ms (cache miss)
552 http fetch GET 200 https://registry.npmjs.org/globals/-/globals-17.11.0.tgz 3081ms (cache miss)
553 http fetch GET 200 https://registry.npmjs.org/get-proto/-/get-proto-1.0.1.tgz 3132ms (cache miss)
554 http fetch GET 200 https://registry.npmjs.org/glob-parent/-/glob-parent-6.0.2.tgz 3343ms (cache miss)
555 http fetch GET 200 https://registry.npmjs.org/gensync/-/gensync-1.0.0-beta.2.tgz 3373ms (cache miss)
556 http fetch GET 200 https://registry.npmjs.org/get-intrinsic/-/get-intrinsic-1.3.0.tgz 3395ms (cache miss)
557 http fetch GET 200 https://registry.npmjs.org/follow-redirects/-/follow-redirects-1.16.0.tgz 3396ms (cache miss)
558 http fetch GET 200 https://registry.npmjs.org/form-data/-/form-data-4.0.6.tgz 3401ms (cache miss)
559 http fetch GET 200 https://registry.npmjs.org/flat-cache/-/flat-cache-4.0.1.tgz 3402ms (cache miss)
560 http fetch GET 200 https://registry.npmjs.org/function-bind/-/function-bind-1.1.2.tgz 3407ms (cache miss)
561 http fetch GET 200 https://registry.npmjs.org/flatted/-/flatted-3.4.4.tgz 3421ms (cache miss)
562 http fetch GET 200 https://registry.npmjs.org/fdir/-/fdir-6.5.0.tgz 3619ms (cache miss)
563 http fetch GET 200 https://registry.npmjs.org/find-up/-/find-up-5.0.0.tgz 3631ms (cache miss)
564 http fetch GET 200 https://registry.npmjs.org/esutils/-/esutils-2.0.3.tgz 3630ms (cache miss)
565 http fetch GET 200 https://registry.npmjs.org/file-entry-cache/-/file-entry-cache-8.0.0.tgz 3633ms (cache miss)
566 http fetch GET 200 https://registry.npmjs.org/fast-levenshtein/-/fast-levenshtein-2.0.6.tgz 3634ms (cache miss)
567 http fetch GET 200 https://registry.npmjs.org/estraverse/-/estraverse-5.3.0.tgz 3642ms (cache miss)
568 http fetch GET 200 https://registry.npmjs.org/fast-deep-equal/-/fast-deep-equal-3.1.3.tgz 3647ms (cache miss)
569 http fetch GET 200 https://registry.npmjs.org/immer/-/immer-11.1.18.tgz 3669ms (cache miss)
570 http fetch GET 200 https://registry.npmjs.org/fast-json-stable-stringify/-/fast-json-stable-stringify-2.1.0.tgz 3660ms (cache miss)
571 http fetch GET 200 https://registry.npmjs.org/esrecurse/-/esrecurse-4.3.0.tgz 3723ms (cache miss)
572 http fetch GET 200 https://registry.npmjs.org/hermes-parser/-/hermes-parser-0.25.1.tgz 3810ms (cache miss)
573 http fetch GET 200 https://registry.npmjs.org/eslint-visitor-keys/-/eslint-visitor-keys-5.0.1.tgz 3811ms (cache miss)
574 http fetch GET 200 https://registry.npmjs.org/eslint-plugin-react-refresh/-/eslint-plugin-react-refresh-0.5.4.tgz 3814ms (cache miss)
575 http fetch GET 200 https://registry.npmjs.org/espree/-/espree-11.2.0.tgz 3847ms (cache miss)
576 http fetch GET 200 https://registry.npmjs.org/eslint-scope/-/eslint-scope-9.1.2.tgz 3848ms (cache miss)
577 http fetch GET 200 https://registry.npmjs.org/escape-string-regexp/-/escape-string-regexp-4.0.0.tgz 3863ms (cache miss)
578 http fetch GET 200 https://registry.npmjs.org/es-object-atoms/-/es-object-atoms-1.1.2.tgz 3944ms (cache miss)
579 http fetch GET 200 https://registry.npmjs.org/es-set-tostringtag/-/es-set-tostringtag-2.1.0.tgz 3946ms (cache miss)
580 http fetch GET 200 https://registry.npmjs.org/escalade/-/escalade-3.2.0.tgz 3992ms (cache miss)
581 http fetch GET 200 https://registry.npmjs.org/es-errors/-/es-errors-1.3.0.tgz 4009ms (cache miss)
582 http fetch GET 200 https://registry.npmjs.org/es-define-property/-/es-define-property-1.0.1.tgz 4019ms (cache miss)
583 http fetch GET 200 https://registry.npmjs.org/jiti/-/jiti-2.7.0.tgz 4117ms (cache miss)
584 http fetch GET 200 https://registry.npmjs.org/esquery/-/esquery-1.7.0.tgz 4123ms (cache miss)
585 http fetch GET 200 https://registry.npmjs.org/electron-to-chromium/-/electron-to-chromium-1.5.411.tgz 4119ms (cache miss)
586 http fetch GET 200 https://registry.npmjs.org/delayed-stream/-/delayed-stream-1.0.0.tgz 4209ms (cache miss)
587 http fetch GET 200 https://registry.npmjs.org/detect-libc/-/detect-libc-2.1.2.tgz 4210ms (cache miss)
588 http fetch GET 200 https://registry.npmjs.org/enhanced-resolve/-/enhanced-resolve-5.24.5.tgz 4287ms (cache miss)
589 http fetch GET 200 https://registry.npmjs.org/deep-is/-/deep-is-0.1.4.tgz 4323ms (cache miss)
590 http fetch GET 200 https://registry.npmjs.org/dunder-proto/-/dunder-proto-1.0.1.tgz 4357ms (cache miss)
591 http fetch GET 200 https://registry.npmjs.org/debug/-/debug-4.4.3.tgz 4442ms (cache miss)
592 http fetch GET 200 https://registry.npmjs.org/zod/-/zod-4.4.3.tgz 4516ms (cache miss)
593 http fetch GET 200 https://registry.npmjs.org/combined-stream/-/combined-stream-1.0.8.tgz 4489ms (cache miss)
594 http fetch GET 200 https://registry.npmjs.org/cross-spawn/-/cross-spawn-7.0.6.tgz 4495ms (cache miss)
595 http fetch GET 200 https://registry.npmjs.org/cookie/-/cookie-1.1.1.tgz 4501ms (cache miss)
596 http fetch GET 200 https://registry.npmjs.org/convert-source-map/-/convert-source-map-2.0.0.tgz 4571ms (cache miss)
597 http fetch GET 200 https://registry.npmjs.org/browserslist/-/browserslist-4.28.8.tgz 4737ms (cache miss)
598 http fetch GET 200 https://registry.npmjs.org/call-bind-apply-helpers/-/call-bind-apply-helpers-1.0.2.tgz 4744ms (cache miss)
599 http fetch GET 200 https://registry.npmjs.org/balanced-match/-/balanced-match-4.0.4.tgz 4779ms (cache miss)
600 http fetch GET 200 https://registry.npmjs.org/baseline-browser-mapping/-/baseline-browser-mapping-2.11.15.tgz 4831ms (cache miss)
601 http fetch GET 200 https://registry.npmjs.org/brace-expansion/-/brace-expansion-5.0.9.tgz 4856ms (cache miss)
602 http fetch GET 200 https://registry.npmjs.org/asynckit/-/asynckit-0.4.0.tgz 4945ms (cache miss)
603 http fetch GET 200 https://registry.npmjs.org/agent-base/-/agent-base-6.0.2.tgz 5141ms (cache miss)
604 http fetch GET 200 https://registry.npmjs.org/acorn-jsx/-/acorn-jsx-5.3.2.tgz 5368ms (cache miss)
605 http fetch GET 200 https://registry.npmjs.org/@types/use-sync-external-store/-/use-sync-external-store-0.0.6.tgz 5374ms (cache miss)
606 http fetch GET 200 https://registry.npmjs.org/csstype/-/csstype-3.2.3.tgz 5473ms (cache miss)
607 http fetch GET 200 https://registry.npmjs.org/@types/react-dom/-/react-dom-19.2.4.tgz 5688ms (cache miss)
608 http fetch GET 200 https://registry.npmjs.org/@vitejs/plugin-react/-/plugin-react-6.1.0.tgz 5690ms (cache miss)
609 http fetch GET 200 https://registry.npmjs.org/acorn/-/acorn-8.18.0.tgz 5755ms (cache miss)
610 http fetch GET 200 https://registry.npmjs.org/@types/json-schema/-/json-schema-7.0.15.tgz 5802ms (cache miss)
611 http fetch GET 200 https://registry.npmjs.org/@types/esrecurse/-/esrecurse-4.3.1.tgz 5816ms (cache miss)
612 http fetch GET 200 https://registry.npmjs.org/react-router/-/react-router-7.18.2.tgz 5965ms (cache miss)
613 http fetch GET 200 https://registry.npmjs.org/@types/estree/-/estree-1.0.9.tgz 5951ms (cache miss)
614 http fetch GET 200 https://registry.npmjs.org/@tailwindcss/vite/-/vite-4.3.3.tgz 6070ms (cache miss)
615 http fetch GET 200 https://registry.npmjs.org/@tailwindcss/oxide/-/oxide-4.3.3.tgz 6139ms (cache miss)
616 http fetch GET 200 https://registry.npmjs.org/@standard-schema/utils/-/utils-0.3.0.tgz 6177ms (cache miss)
617 http fetch GET 200 https://registry.npmjs.org/ajv/-/ajv-6.15.0.tgz 6248ms (cache miss)
618 http fetch GET 200 https://registry.npmjs.org/@tailwindcss/node/-/node-4.3.3.tgz 6259ms (cache miss)
619 http fetch GET 200 https://registry.npmjs.org/@types/react/-/react-19.2.18.tgz 6274ms (cache miss)
620 http fetch GET 200 https://registry.npmjs.org/@standard-schema/spec/-/spec-1.1.0.tgz 6370ms (cache miss)
621 http fetch GET 200 https://registry.npmjs.org/@rolldown/pluginutils/-/pluginutils-1.0.1.tgz 6388ms (cache miss)
622 http fetch GET 200 https://registry.npmjs.org/caniuse-lite/-/caniuse-lite-1.0.30001809.tgz 6527ms (cache miss)
623 http fetch GET 200 https://registry.npmjs.org/@jridgewell/trace-mapping/-/trace-mapping-0.3.31.tgz 6568ms (cache miss)
624 http fetch GET 200 https://registry.npmjs.org/@jridgewell/sourcemap-codec/-/sourcemap-codec-1.5.5.tgz 6620ms (cache miss)
625 http fetch GET 200 https://registry.npmjs.org/@jridgewell/remapping/-/remapping-2.3.5.tgz 6660ms (cache miss)
626 http fetch GET 200 https://registry.npmjs.org/@jridgewell/resolve-uri/-/resolve-uri-3.1.2.tgz 6727ms (cache miss)
627 http fetch GET 200 https://registry.npmjs.org/eslint-plugin-react-hooks/-/eslint-plugin-react-hooks-7.1.1.tgz 6875ms (cache miss)
628 http fetch GET 200 https://registry.npmjs.org/@humanwhocodes/retry/-/retry-0.4.3.tgz 6862ms (cache miss)
629 http fetch GET 200 https://registry.npmjs.org/@jridgewell/gen-mapping/-/gen-mapping-0.3.13.tgz 6933ms (cache miss)
630 http fetch GET 200 https://registry.npmjs.org/@humanwhocodes/module-importer/-/module-importer-1.0.1.tgz 6982ms (cache miss)
631 http fetch GET 200 https://registry.npmjs.org/@humanfs/node/-/node-0.16.8.tgz 7105ms (cache miss)
632 http fetch GET 200 https://registry.npmjs.org/react-dom/-/react-dom-19.2.8.tgz 7195ms (cache miss)
633 http fetch GET 200 https://registry.npmjs.org/@oxc-project/types/-/types-0.146.0.tgz 7158ms (cache miss)
634 http fetch GET 200 https://registry.npmjs.org/@humanfs/types/-/types-0.15.0.tgz 7185ms (cache miss)
635 http fetch GET 200 https://registry.npmjs.org/eslint/-/eslint-10.8.1.tgz 7290ms (cache miss)
636 http fetch GET 200 https://registry.npmjs.org/@eslint/object-schema/-/object-schema-3.0.5.tgz 7372ms (cache miss)
637 http fetch GET 200 https://registry.npmjs.org/@humanfs/core/-/core-0.19.2.tgz 7375ms (cache miss)
638 http fetch GET 200 https://registry.npmjs.org/@eslint/js/-/js-10.0.1.tgz 7417ms (cache miss)
639 http fetch GET 200 https://registry.npmjs.org/@eslint/core/-/core-1.2.1.tgz 7451ms (cache miss)
640 http fetch GET 200 https://registry.npmjs.org/@eslint/config-helpers/-/config-helpers-0.7.0.tgz 7529ms (cache miss)
641 http fetch GET 200 https://registry.npmjs.org/@eslint/plugin-kit/-/plugin-kit-0.7.2.tgz 7780ms (cache miss)
642 http fetch GET 200 https://registry.npmjs.org/@babel/template/-/template-7.29.7.tgz 8489ms (cache miss)
643 http fetch GET 200 https://registry.npmjs.org/@babel/helper-validator-option/-/helper-validator-option-7.29.7.tgz 8580ms (cache miss)
644 http fetch GET 200 https://registry.npmjs.org/@eslint-community/eslint-utils/-/eslint-utils-4.10.1.tgz 8597ms (cache miss)
645 http fetch GET 200 https://registry.npmjs.org/@babel/helper-string-parser/-/helper-string-parser-7.29.7.tgz 8613ms (cache miss)
646 http fetch GET 200 https://registry.npmjs.org/@eslint/config-array/-/config-array-0.23.5.tgz 8626ms (cache miss)
647 http fetch GET 200 https://registry.npmjs.org/@babel/helper-validator-identifier/-/helper-validator-identifier-7.29.7.tgz 8638ms (cache miss)
648 http fetch GET 200 https://registry.npmjs.org/axios/-/axios-1.20.0.tgz 8729ms (cache miss)
649 http fetch GET 200 https://registry.npmjs.org/@eslint-community/regexpp/-/regexpp-4.12.2.tgz 8721ms (cache miss)
650 http fetch GET 200 https://registry.npmjs.org/@babel/helper-globals/-/helper-globals-7.29.7.tgz 8773ms (cache miss)
651 http fetch GET 200 https://registry.npmjs.org/@babel/helper-compilation-targets/-/helper-compilation-targets-7.29.7.tgz 8823ms (cache miss)
652 http fetch GET 200 https://registry.npmjs.org/@babel/helper-module-imports/-/helper-module-imports-7.29.7.tgz 8836ms (cache miss)
653 http fetch GET 200 https://registry.npmjs.org/@babel/traverse/-/traverse-7.29.8.tgz 8889ms (cache miss)
654 http fetch GET 200 https://registry.npmjs.org/@babel/compat-data/-/compat-data-7.29.7.tgz 8948ms (cache miss)
655 http fetch GET 200 https://registry.npmjs.org/@babel/code-frame/-/code-frame-7.29.7.tgz 9142ms (cache miss)
656 http fetch GET 200 https://registry.npmjs.org/eslint-visitor-keys/-/eslint-visitor-keys-3.4.3.tgz 9408ms (cache miss)
657 http fetch GET 200 https://registry.npmjs.org/@babel/helpers/-/helpers-7.29.7.tgz 9540ms (cache miss)
658 http fetch GET 200 https://registry.npmjs.org/@babel/generator/-/generator-7.29.8.tgz 9654ms (cache miss)
659 http fetch GET 200 https://registry.npmjs.org/@babel/parser/-/parser-7.29.8.tgz 9710ms (cache miss)
660 http fetch GET 200 https://registry.npmjs.org/lightningcss/-/lightningcss-1.32.0.tgz 9821ms (cache miss)
661 http fetch GET 200 https://registry.npmjs.org/@babel/types/-/types-7.29.8.tgz 9936ms (cache miss)
662 http fetch GET 200 https://registry.npmjs.org/@babel/core/-/core-7.29.7.tgz 10060ms (cache miss)
663 http fetch GET 200 https://registry.npmjs.org/@tailwindcss/oxide-win32-x64-msvc/-/oxide-win32-x64-msvc-4.3.3.tgz 12368ms (cache miss)
664 http fetch GET 200 https://registry.npmjs.org/@reduxjs/toolkit/-/toolkit-2.12.0.tgz 12605ms (cache miss)
665 http fetch GET 200 https://registry.npmjs.org/@babel/helper-module-transforms/-/helper-module-transforms-7.29.7.tgz 14377ms (cache miss)
666 http fetch GET 200 https://registry.npmjs.org/lightningcss-win32-x64-msvc/-/lightningcss-win32-x64-msvc-1.33.0.tgz 17284ms (cache miss)
667 http fetch GET 200 https://registry.npmjs.org/lightningcss-win32-x64-msvc/-/lightningcss-win32-x64-msvc-1.32.0.tgz 20883ms (cache miss)
668 http fetch GET 200 https://registry.npmjs.org/@rolldown/binding-win32-x64-msvc/-/binding-win32-x64-msvc-1.2.5.tgz 23692ms (cache miss)
669 silly ADD node_modules/zod-validation-error
670 silly ADD node_modules/zod
671 silly ADD node_modules/yocto-queue
672 silly ADD node_modules/yallist
673 silly ADD node_modules/word-wrap
674 silly ADD node_modules/which
675 silly ADD node_modules/vite
676 silly ADD node_modules/use-sync-external-store
677 silly ADD node_modules/uri-js
678 silly ADD node_modules/update-browserslist-db
679 silly ADD node_modules/type-check
680 silly ADD node_modules/tinyglobby
681 silly ADD node_modules/tapable
682 silly ADD node_modules/tailwindcss
683 silly ADD node_modules/source-map-js
684 silly ADD node_modules/shebang-regex
685 silly ADD node_modules/shebang-command
686 silly ADD node_modules/set-cookie-parser
687 silly ADD node_modules/semver
688 silly ADD node_modules/scheduler
689 silly ADD node_modules/rolldown
690 silly ADD node_modules/reselect
691 silly ADD node_modules/redux-thunk
692 silly ADD node_modules/redux
693 silly ADD node_modules/react-router-dom
694 silly ADD node_modules/react-router
695 silly ADD node_modules/react-redux
696 silly ADD node_modules/react-dom
697 silly ADD node_modules/react
698 silly ADD node_modules/punycode
699 silly ADD node_modules/proxy-from-env
700 silly ADD node_modules/prelude-ls
701 silly ADD node_modules/postcss
702 silly ADD node_modules/picomatch
703 silly ADD node_modules/picocolors
704 silly ADD node_modules/path-key
705 silly ADD node_modules/path-exists
706 silly ADD node_modules/p-locate
707 silly ADD node_modules/p-limit
708 silly ADD node_modules/optionator
709 silly ADD node_modules/node-releases
710 silly ADD node_modules/natural-compare
711 silly ADD node_modules/nanoid
712 silly ADD node_modules/ms
713 silly ADD node_modules/minimatch
714 silly ADD node_modules/mime-types
715 silly ADD node_modules/mime-db
716 silly ADD node_modules/math-intrinsics
717 silly ADD node_modules/magic-string
718 silly ADD node_modules/lru-cache
719 silly ADD node_modules/locate-path
720 silly ADD node_modules/lightningcss-win32-x64-msvc
721 silly ADD
722 silly ADD
723 silly ADD
724 silly ADD
725 silly ADD
726 silly ADD
727 silly ADD
728 silly ADD
729 silly ADD
730 silly ADD
731 silly ADD node_modules/lightningcss
732 silly ADD node_modules/levn
733 silly ADD node_modules/keyv
734 silly ADD node_modules/json5
735 silly ADD node_modules/json-stable-stringify-without-jsonify
736 silly ADD node_modules/json-schema-traverse
737 silly ADD node_modules/json-buffer
738 silly ADD node_modules/jsesc
739 silly ADD node_modules/js-tokens
740 silly ADD node_modules/jiti
741 silly ADD node_modules/isexe
742 silly ADD node_modules/is-glob
743 silly ADD node_modules/is-extglob
744 silly ADD node_modules/imurmurhash
745 silly ADD node_modules/immer
746 silly ADD node_modules/ignore
747 silly ADD node_modules/https-proxy-agent
748 silly ADD node_modules/hermes-parser
749 silly ADD node_modules/hermes-estree
750 silly ADD node_modules/hasown
751 silly ADD node_modules/has-tostringtag
752 silly ADD node_modules/has-symbols
753 silly ADD node_modules/graceful-fs
754 silly ADD node_modules/gopd
755 silly ADD node_modules/globals
756 silly ADD node_modules/glob-parent
757 silly ADD node_modules/get-proto
758 silly ADD node_modules/get-intrinsic
759 silly ADD node_modules/gensync
760 silly ADD node_modules/function-bind
761 silly ADD
762 silly ADD node_modules/form-data
763 silly ADD node_modules/follow-redirects
764 silly ADD node_modules/flatted
765 silly ADD node_modules/flat-cache
766 silly ADD node_modules/find-up
767 silly ADD node_modules/file-entry-cache
768 silly ADD node_modules/fdir
769 silly ADD node_modules/fast-levenshtein
770 silly ADD node_modules/fast-json-stable-stringify
771 silly ADD node_modules/fast-deep-equal
772 silly ADD node_modules/esutils
773 silly ADD node_modules/estraverse
774 silly ADD node_modules/esrecurse
775 silly ADD node_modules/esquery
776 silly ADD node_modules/espree
777 silly ADD node_modules/eslint-visitor-keys
778 silly ADD node_modules/eslint-scope
779 silly ADD node_modules/eslint-plugin-react-refresh
780 silly ADD node_modules/eslint-plugin-react-hooks
781 silly ADD node_modules/eslint
782 silly ADD node_modules/escape-string-regexp
783 silly ADD node_modules/escalade
784 silly ADD node_modules/es-set-tostringtag
785 silly ADD node_modules/es-object-atoms
786 silly ADD node_modules/es-errors
787 silly ADD node_modules/es-define-property
788 silly ADD node_modules/enhanced-resolve
789 silly ADD node_modules/electron-to-chromium
790 silly ADD node_modules/dunder-proto
791 silly ADD node_modules/detect-libc
792 silly ADD node_modules/delayed-stream
793 silly ADD node_modules/deep-is
794 silly ADD node_modules/debug
795 silly ADD node_modules/csstype
796 silly ADD node_modules/cross-spawn
797 silly ADD node_modules/cookie
798 silly ADD node_modules/convert-source-map
799 silly ADD node_modules/combined-stream
800 silly ADD node_modules/caniuse-lite
801 silly ADD node_modules/call-bind-apply-helpers
802 silly ADD node_modules/browserslist
803 silly ADD node_modules/brace-expansion
804 silly ADD node_modules/baseline-browser-mapping
805 silly ADD node_modules/balanced-match
806 silly ADD node_modules/axios
807 silly ADD node_modules/asynckit
808 silly ADD node_modules/ajv
809 silly ADD node_modules/agent-base
810 silly ADD node_modules/acorn-jsx
811 silly ADD node_modules/acorn
812 silly ADD node_modules/@vitejs/plugin-react
813 silly ADD node_modules/@types/use-sync-external-store
814 silly ADD node_modules/@types/react-dom
815 silly ADD node_modules/@types/react
816 silly ADD node_modules/@types/json-schema
817 silly ADD node_modules/@types/estree
818 silly ADD node_modules/@types/esrecurse
819 silly ADD node_modules/@tailwindcss/vite
820 silly ADD node_modules/@tailwindcss/oxide-win32-x64-msvc
821 silly ADD
822 silly ADD
823 silly ADD
824 silly ADD
825 silly ADD
826 silly ADD
827 silly ADD
828 silly ADD
829 silly ADD
830 silly ADD
831 silly ADD
832 silly ADD node_modules/@tailwindcss/oxide
833 silly ADD node_modules/@tailwindcss/node
834 silly ADD node_modules/@tailwindcss/node/node_modules/lightningcss-win32-x64-msvc
835 silly ADD
836 silly ADD
837 silly ADD
838 silly ADD
839 silly ADD
840 silly ADD
841 silly ADD
842 silly ADD
843 silly ADD
844 silly ADD
845 silly ADD node_modules/@tailwindcss/node/node_modules/lightningcss
846 silly ADD node_modules/@standard-schema/utils
847 silly ADD node_modules/@standard-schema/spec
848 silly ADD node_modules/@rolldown/pluginutils
849 silly ADD node_modules/@rolldown/binding-win32-x64-msvc
850 silly ADD
851 silly ADD
852 silly ADD
853 silly ADD
854 silly ADD
855 silly ADD
856 silly ADD
857 silly ADD
858 silly ADD
859 silly ADD
860 silly ADD
861 silly ADD
862 silly ADD
863 silly ADD
864 silly ADD node_modules/@reduxjs/toolkit
865 silly ADD node_modules/@oxc-project/types
866 silly ADD node_modules/@jridgewell/trace-mapping
867 silly ADD node_modules/@jridgewell/sourcemap-codec
868 silly ADD node_modules/@jridgewell/resolve-uri
869 silly ADD node_modules/@jridgewell/remapping
870 silly ADD node_modules/@jridgewell/gen-mapping
871 silly ADD node_modules/@humanwhocodes/retry
872 silly ADD node_modules/@humanwhocodes/module-importer
873 silly ADD node_modules/@humanfs/types
874 silly ADD node_modules/@humanfs/node
875 silly ADD node_modules/@humanfs/core
876 silly ADD node_modules/@eslint/plugin-kit
877 silly ADD node_modules/@eslint/object-schema
878 silly ADD node_modules/@eslint/js
879 silly ADD node_modules/@eslint/core
880 silly ADD node_modules/@eslint/config-helpers
881 silly ADD node_modules/@eslint/config-array
882 silly ADD node_modules/@eslint-community/regexpp
883 silly ADD node_modules/@eslint-community/eslint-utils
884 silly ADD node_modules/@eslint-community/eslint-utils/node_modules/eslint-visitor-keys
885 silly ADD node_modules/@babel/types
886 silly ADD node_modules/@babel/traverse
887 silly ADD node_modules/@babel/template
888 silly ADD node_modules/@babel/parser
889 silly ADD node_modules/@babel/helpers
890 silly ADD node_modules/@babel/helper-validator-option
891 silly ADD node_modules/@babel/helper-validator-identifier
892 silly ADD node_modules/@babel/helper-string-parser
893 silly ADD node_modules/@babel/helper-module-transforms
894 silly ADD node_modules/@babel/helper-module-imports
895 silly ADD node_modules/@babel/helper-globals
896 silly ADD node_modules/@babel/helper-compilation-targets
897 silly ADD node_modules/@babel/generator
898 silly ADD node_modules/@babel/core
899 silly ADD node_modules/@babel/compat-data
900 silly ADD node_modules/@babel/code-frame
901 verbose cwd D:\E-commerce\frontend
902 verbose os Windows_NT 10.0.22631
903 verbose node v26.7.0
904 verbose npm  v10.9.8
905 verbose exit 0
906 info ok
