0 verbose cli C:\Program Files\nodejs\node.exe C:\Users\Lenovo\AppData\Roaming\npm\node_modules\npm\bin\npm-cli.js
1 info using npm@10.9.8
2 info using node@v26.7.0
3 silly config load:file:C:\Users\Lenovo\AppData\Roaming\npm\node_modules\npm\npmrc
4 silly config load:file:D:\E-commerce\frontend\.npmrc
5 silly config load:file:C:\Users\Lenovo\.npmrc
6 silly config load:file:C:\Users\Lenovo\AppData\Roaming\npm\etc\npmrc
7 verbose title npm install
8 verbose argv "install"
9 verbose logfile logs-max:10 dir:D:\E-commerce\frontend\.npm-cache\_logs\2026-10-01T05_56_01_481Z-
10 verbose logfile D:\E-commerce\frontend\.npm-cache\_logs\2026-10-01T05_56_01_481Z-debug-0.log
11 silly logfile start cleaning logs, removing 1 files
12 silly packumentCache heap:2248146944 maxSize:562036736 maxEntrySize:281018368
13 silly logfile done cleaning log files
14 silly idealTree buildDeps
15 silly fetch manifest @reduxjs/toolkit@^2.12.0
16 silly packumentCache full:https://registry.npmjs.org/@reduxjs%2ftoolkit cache-miss
17 http fetch GET 200 https://registry.npmjs.org/@reduxjs%2ftoolkit 578ms (cache miss)
18 silly packumentCache full:https://registry.npmjs.org/@reduxjs%2ftoolkit set size:undefined disposed:false
19 silly fetch manifest react@^19.2.8
20 silly packumentCache full:https://registry.npmjs.org/react cache-miss
21 http fetch GET 200 https://registry.npmjs.org/react 716ms (cache miss)
22 silly packumentCache full:https://registry.npmjs.org/react set size:undefined disposed:false
23 silly fetch manifest react-redux@^9.3.0
24 silly packumentCache full:https://registry.npmjs.org/react-redux cache-miss
25 http fetch GET 200 https://registry.npmjs.org/react-redux 93ms (cache miss)
26 silly packumentCache full:https://registry.npmjs.org/react-redux set size:undefined disposed:false
27 silly fetch manifest @types/react@^19.2.17
28 silly packumentCache full:https://registry.npmjs.org/@types%2freact cache-miss
29 http fetch GET 200 https://registry.npmjs.org/@types%2freact 296ms (cache miss)
30 silly packumentCache full:https://registry.npmjs.org/@types%2freact set size:undefined disposed:false
31 silly fetch manifest redux@^5.0.0
32 silly packumentCache full:https://registry.npmjs.org/redux cache-miss
33 http fetch GET 200 https://registry.npmjs.org/redux 63ms (cache miss)
34 silly packumentCache full:https://registry.npmjs.org/redux set size:undefined disposed:false
35 silly fetch manifest @tailwindcss/vite@^4.3.3
36 silly packumentCache full:https://registry.npmjs.org/@tailwindcss%2fvite cache-miss
37 http fetch GET 200 https://registry.npmjs.org/@tailwindcss%2fvite 244ms (cache miss)
38 silly packumentCache full:https://registry.npmjs.org/@tailwindcss%2fvite set size:undefined disposed:false
39 silly fetch manifest vite@^8.2.0
40 silly packumentCache full:https://registry.npmjs.org/vite cache-miss
41 http fetch GET 200 https://registry.npmjs.org/vite 2316ms (cache miss)
42 silly packumentCache full:https://registry.npmjs.org/vite set size:undefined disposed:false
43 silly fetch manifest @types/node@^20.19.0 || >=22.12.0
44 silly packumentCache full:https://registry.npmjs.org/@types%2fnode cache-miss
45 http fetch GET 200 https://registry.npmjs.org/@types%2fnode 1884ms (cache miss)
46 silly packumentCache full:https://registry.npmjs.org/@types%2fnode set size:undefined disposed:false
47 silly fetch manifest @vitejs/devtools@^0.7.1
48 silly packumentCache full:https://registry.npmjs.org/@vitejs%2fdevtools cache-miss
49 http fetch GET 200 https://registry.npmjs.org/@vitejs%2fdevtools 123ms (cache miss)
50 silly packumentCache full:https://registry.npmjs.org/@vitejs%2fdevtools set size:undefined disposed:false
51 silly fetch manifest @vitejs/devtools-oxc@^0.7.6
52 silly packumentCache full:https://registry.npmjs.org/@vitejs%2fdevtools-oxc cache-miss
53 http fetch GET 200 https://registry.npmjs.org/@vitejs%2fdevtools-oxc 121ms (cache miss)
54 silly packumentCache full:https://registry.npmjs.org/@vitejs%2fdevtools-oxc set size:undefined disposed:false
55 silly fetch manifest @vitejs/devtools-rolldown@^0.7.6
56 silly packumentCache full:https://registry.npmjs.org/@vitejs%2fdevtools-rolldown cache-miss
57 http fetch GET 200 https://registry.npmjs.org/@vitejs%2fdevtools-rolldown 74ms (cache miss)
58 silly packumentCache full:https://registry.npmjs.org/@vitejs%2fdevtools-rolldown set size:undefined disposed:false
59 silly fetch manifest @vitejs/devtools-vite@^0.7.6
60 silly packumentCache full:https://registry.npmjs.org/@vitejs%2fdevtools-vite cache-miss
61 http fetch GET 200 https://registry.npmjs.org/@vitejs%2fdevtools-vite 163ms (cache miss)
62 silly packumentCache full:https://registry.npmjs.org/@vitejs%2fdevtools-vite set size:undefined disposed:false
63 silly fetch manifest @vitejs/devtools-vitest@^0.7.6
64 silly packumentCache full:https://registry.npmjs.org/@vitejs%2fdevtools-vitest cache-miss
65 http fetch GET 200 https://registry.npmjs.org/@vitejs%2fdevtools-vitest 237ms (cache miss)
66 silly packumentCache full:https://registry.npmjs.org/@vitejs%2fdevtools-vitest set size:undefined disposed:false
67 silly fetch manifest vitest@*
68 silly packumentCache full:https://registry.npmjs.org/vitest cache-miss
69 http fetch GET 200 https://registry.npmjs.org/vitest 748ms (cache miss)
70 silly packumentCache full:https://registry.npmjs.org/vitest set size:undefined disposed:false
71 silly fetch manifest @edge-runtime/vm@*
72 silly packumentCache full:https://registry.npmjs.org/@edge-runtime%2fvm cache-miss
73 http fetch GET 200 https://registry.npmjs.org/@edge-runtime%2fvm 266ms (cache miss)
74 silly packumentCache full:https://registry.npmjs.org/@edge-runtime%2fvm set size:undefined disposed:false
75 silly fetch manifest @opentelemetry/api@^1.9.0
76 silly packumentCache full:https://registry.npmjs.org/@opentelemetry%2fapi cache-miss
77 http fetch GET 200 https://registry.npmjs.org/@opentelemetry%2fapi 185ms (cache miss)
78 silly packumentCache full:https://registry.npmjs.org/@opentelemetry%2fapi set size:undefined disposed:false
79 silly fetch manifest @vitest/browser-playwright@5.0.3
80 silly packumentCache full:https://registry.npmjs.org/@vitest%2fbrowser-playwright cache-miss
81 http fetch GET 200 https://registry.npmjs.org/@vitest%2fbrowser-playwright 92ms (cache miss)
82 silly packumentCache full:https://registry.npmjs.org/@vitest%2fbrowser-playwright set size:undefined disposed:false
83 silly fetch manifest playwright@*
84 silly packumentCache full:https://registry.npmjs.org/playwright cache-miss
85 http fetch GET 200 https://registry.npmjs.org/playwright 3430ms (cache miss)
86 silly packumentCache full:https://registry.npmjs.org/playwright set size:undefined disposed:false
87 silly fetch manifest @vitest/browser-preview@5.0.3
88 silly packumentCache full:https://registry.npmjs.org/@vitest%2fbrowser-preview cache-miss
89 http fetch GET 200 https://registry.npmjs.org/@vitest%2fbrowser-preview 60ms (cache miss)
90 silly packumentCache full:https://registry.npmjs.org/@vitest%2fbrowser-preview set size:undefined disposed:false
91 silly fetch manifest @vitest/browser-webdriverio@^5.0.0-beta.5 || >=5.0.0
92 silly packumentCache full:https://registry.npmjs.org/@vitest%2fbrowser-webdriverio cache-miss
93 http fetch GET 200 https://registry.npmjs.org/@vitest%2fbrowser-webdriverio 48ms (cache miss)
94 silly packumentCache full:https://registry.npmjs.org/@vitest%2fbrowser-webdriverio set size:undefined disposed:false
95 silly fetch manifest webdriverio@*
96 silly packumentCache full:https://registry.npmjs.org/webdriverio cache-miss
97 http fetch GET 200 https://registry.npmjs.org/webdriverio 442ms (cache miss)
98 silly packumentCache full:https://registry.npmjs.org/webdriverio set size:undefined disposed:false
99 silly fetch manifest puppeteer-core@>=22.x <=24.x
100 silly packumentCache full:https://registry.npmjs.org/puppeteer-core cache-miss
101 http fetch GET 200 https://registry.npmjs.org/puppeteer-core 215ms (cache miss)
102 silly packumentCache full:https://registry.npmjs.org/puppeteer-core set size:undefined disposed:false
103 silly fetch manifest @vitest/coverage-istanbul@5.0.3
104 silly packumentCache full:https://registry.npmjs.org/@vitest%2fcoverage-istanbul cache-miss
105 http fetch GET 200 https://registry.npmjs.org/@vitest%2fcoverage-istanbul 176ms (cache miss)
106 silly packumentCache full:https://registry.npmjs.org/@vitest%2fcoverage-istanbul set size:undefined disposed:false
107 silly fetch manifest @vitest/coverage-v8@5.0.3
108 silly packumentCache full:https://registry.npmjs.org/@vitest%2fcoverage-v8 cache-miss
109 http fetch GET 200 https://registry.npmjs.org/@vitest%2fcoverage-v8 82ms (cache miss)
110 silly packumentCache full:https://registry.npmjs.org/@vitest%2fcoverage-v8 set size:undefined disposed:false
111 silly fetch manifest @vitest/browser@5.0.3
112 silly packumentCache full:https://registry.npmjs.org/@vitest%2fbrowser cache-miss
113 http fetch GET 200 https://registry.npmjs.org/@vitest%2fbrowser 273ms (cache miss)
114 silly packumentCache full:https://registry.npmjs.org/@vitest%2fbrowser set size:undefined disposed:false
115 silly fetch manifest @vitest/ui@5.0.3
116 silly packumentCache full:https://registry.npmjs.org/@vitest%2fui cache-miss
117 http fetch GET 200 https://registry.npmjs.org/@vitest%2fui 384ms (cache miss)
118 silly packumentCache full:https://registry.npmjs.org/@vitest%2fui set size:undefined disposed:false
119 silly fetch manifest happy-dom@*
120 silly packumentCache full:https://registry.npmjs.org/happy-dom cache-miss
121 http fetch GET 200 https://registry.npmjs.org/happy-dom 555ms (cache miss)
122 silly packumentCache full:https://registry.npmjs.org/happy-dom set size:undefined disposed:false
123 silly fetch manifest jsdom@*
124 silly packumentCache full:https://registry.npmjs.org/jsdom cache-miss
125 http fetch GET 200 https://registry.npmjs.org/jsdom 195ms (cache miss)
126 silly packumentCache full:https://registry.npmjs.org/jsdom set size:undefined disposed:false
127 silly fetch manifest canvas@^3.2.3
128 silly packumentCache full:https://registry.npmjs.org/canvas cache-miss
129 http fetch GET 200 https://registry.npmjs.org/canvas 85ms (cache miss)
130 silly packumentCache full:https://registry.npmjs.org/canvas set size:undefined disposed:false
131 silly fetch manifest esbuild@^0.27.0 || ^0.28.0
132 silly packumentCache full:https://registry.npmjs.org/esbuild cache-miss
133 http fetch GET 200 https://registry.npmjs.org/esbuild 408ms (cache miss)
134 silly packumentCache full:https://registry.npmjs.org/esbuild set size:undefined disposed:false
135 silly fetch manifest jiti@>=1.21.0
136 silly packumentCache full:https://registry.npmjs.org/jiti cache-miss
137 http fetch GET 200 https://registry.npmjs.org/jiti 141ms (cache miss)
138 silly packumentCache full:https://registry.npmjs.org/jiti set size:undefined disposed:false
139 silly fetch manifest less@^4.0.0
140 silly packumentCache full:https://registry.npmjs.org/less cache-miss
141 http fetch GET 200 https://registry.npmjs.org/less 102ms (cache miss)
142 silly packumentCache full:https://registry.npmjs.org/less set size:undefined disposed:false
143 silly fetch manifest sass@^1.70.0
144 silly packumentCache full:https://registry.npmjs.org/sass cache-miss
145 http fetch GET 200 https://registry.npmjs.org/sass 315ms (cache miss)
146 silly packumentCache full:https://registry.npmjs.org/sass set size:undefined disposed:false
147 silly fetch manifest sass-embedded@^1.70.0
148 silly packumentCache full:https://registry.npmjs.org/sass-embedded cache-miss
149 http fetch GET 200 https://registry.npmjs.org/sass-embedded 105ms (cache miss)
150 silly packumentCache full:https://registry.npmjs.org/sass-embedded set size:undefined disposed:false
151 silly fetch manifest stylus@>=0.54.8
152 silly packumentCache full:https://registry.npmjs.org/stylus cache-miss
153 http fetch GET 200 https://registry.npmjs.org/stylus 88ms (cache miss)
154 silly packumentCache full:https://registry.npmjs.org/stylus set size:undefined disposed:false
155 silly fetch manifest sugarss@^5.0.0
156 silly packumentCache full:https://registry.npmjs.org/sugarss cache-miss
157 http fetch GET 200 https://registry.npmjs.org/sugarss 69ms (cache miss)
158 silly packumentCache full:https://registry.npmjs.org/sugarss set size:undefined disposed:false
159 silly fetch manifest postcss@^8.3.3
160 silly packumentCache full:https://registry.npmjs.org/postcss cache-miss
161 http fetch GET 200 https://registry.npmjs.org/postcss 211ms (cache miss)
162 silly packumentCache full:https://registry.npmjs.org/postcss set size:undefined disposed:false
163 silly fetch manifest terser@^5.16.0
164 silly packumentCache full:https://registry.npmjs.org/terser cache-miss
165 http fetch GET 200 https://registry.npmjs.org/terser 137ms (cache miss)
166 silly packumentCache full:https://registry.npmjs.org/terser set size:undefined disposed:false
167 silly fetch manifest tsx@^4.8.1
168 silly packumentCache full:https://registry.npmjs.org/tsx cache-miss
169 http fetch GET 200 https://registry.npmjs.org/tsx 101ms (cache miss)
170 silly packumentCache full:https://registry.npmjs.org/tsx set size:undefined disposed:false
171 silly fetch manifest yaml@^2.4.2
172 silly packumentCache full:https://registry.npmjs.org/yaml cache-miss
173 http fetch GET 200 https://registry.npmjs.org/yaml 96ms (cache miss)
174 silly packumentCache full:https://registry.npmjs.org/yaml set size:undefined disposed:false
175 silly fetch manifest axios@^1.20.0
176 silly packumentCache full:https://registry.npmjs.org/axios cache-miss
177 http fetch GET 200 https://registry.npmjs.org/axios 89ms (cache miss)
178 silly packumentCache full:https://registry.npmjs.org/axios set size:undefined disposed:false
179 silly fetch manifest react-dom@^19.2.8
180 silly packumentCache full:https://registry.npmjs.org/react-dom cache-miss
181 http fetch GET 200 https://registry.npmjs.org/react-dom 1064ms (cache miss)
182 silly packumentCache full:https://registry.npmjs.org/react-dom set size:undefined disposed:false
183 silly fetch manifest react-router-dom@^7.18.2
184 silly packumentCache full:https://registry.npmjs.org/react-router-dom cache-miss
185 http fetch GET 200 https://registry.npmjs.org/react-router-dom 363ms (cache miss)
186 silly packumentCache full:https://registry.npmjs.org/react-router-dom set size:undefined disposed:false
187 silly fetch manifest tailwindcss@^4.3.3
188 silly packumentCache full:https://registry.npmjs.org/tailwindcss cache-miss
189 http fetch GET 200 https://registry.npmjs.org/tailwindcss 1617ms (cache miss)
190 silly packumentCache full:https://registry.npmjs.org/tailwindcss set size:undefined disposed:false
191 silly fetch manifest @eslint/js@^10.0.1
192 silly packumentCache full:https://registry.npmjs.org/@eslint%2fjs cache-miss
193 http fetch GET 200 https://registry.npmjs.org/@eslint%2fjs 136ms (cache miss)
194 silly packumentCache full:https://registry.npmjs.org/@eslint%2fjs set size:undefined disposed:false
195 silly fetch manifest eslint@^10.8.0
196 silly packumentCache full:https://registry.npmjs.org/eslint cache-miss
197 http fetch GET 200 https://registry.npmjs.org/eslint 268ms (cache miss)
198 silly packumentCache full:https://registry.npmjs.org/eslint set size:undefined disposed:false
199 silly fetch manifest jiti@*
200 silly packumentCache full:https://registry.npmjs.org/jiti cache-miss
201 http cache https://registry.npmjs.org/jiti 13ms (cache hit)
202 silly packumentCache full:https://registry.npmjs.org/jiti set size:387989 disposed:false
203 silly fetch manifest @types/react-dom@^19.2.3
204 silly packumentCache full:https://registry.npmjs.org/@types%2freact-dom cache-miss
205 http fetch GET 200 https://registry.npmjs.org/@types%2freact-dom 166ms (cache miss)
206 silly packumentCache full:https://registry.npmjs.org/@types%2freact-dom set size:undefined disposed:false
207 silly fetch manifest @vitejs/plugin-react@^6.0.4
208 silly packumentCache full:https://registry.npmjs.org/@vitejs%2fplugin-react cache-miss
209 http fetch GET 200 https://registry.npmjs.org/@vitejs%2fplugin-react 120ms (cache miss)
210 silly packumentCache full:https://registry.npmjs.org/@vitejs%2fplugin-react set size:undefined disposed:false
211 silly fetch manifest @rolldown/plugin-babel@^0.1.7 || ^0.2.0
212 silly packumentCache full:https://registry.npmjs.org/@rolldown%2fplugin-babel cache-miss
213 http fetch GET 200 https://registry.npmjs.org/@rolldown%2fplugin-babel 92ms (cache miss)
214 silly packumentCache full:https://registry.npmjs.org/@rolldown%2fplugin-babel set size:undefined disposed:false
215 silly fetch manifest @babel/core@^7.29.0 || ^8.0.0-rc.1
216 silly packumentCache full:https://registry.npmjs.org/@babel%2fcore cache-miss
217 http fetch GET 200 https://registry.npmjs.org/@babel%2fcore 231ms (cache miss)
218 silly packumentCache full:https://registry.npmjs.org/@babel%2fcore set size:undefined disposed:false
219 silly fetch manifest @babel/plugin-transform-runtime@^7.29.0 || ^8.0.0-rc.1
220 silly packumentCache full:https://registry.npmjs.org/@babel%2fplugin-transform-runtime cache-miss
221 http fetch GET 200 https://registry.npmjs.org/@babel%2fplugin-transform-runtime 180ms (cache miss)
222 silly packumentCache full:https://registry.npmjs.org/@babel%2fplugin-transform-runtime set size:undefined disposed:false
223 silly fetch manifest @babel/runtime@^7.27.0 || ^8.0.0-rc.1
224 silly packumentCache full:https://registry.npmjs.org/@babel%2fruntime cache-miss
225 http fetch GET 200 https://registry.npmjs.org/@babel%2fruntime 391ms (cache miss)
226 silly packumentCache full:https://registry.npmjs.org/@babel%2fruntime set size:undefined disposed:false
227 silly fetch manifest rolldown@^1.0.0-rc.5
228 silly packumentCache full:https://registry.npmjs.org/rolldown cache-miss
229 http fetch GET 200 https://registry.npmjs.org/rolldown 306ms (cache miss)
230 silly packumentCache full:https://registry.npmjs.org/rolldown set size:undefined disposed:false
231 silly fetch manifest babel-plugin-react-compiler@^1.0.0
232 silly packumentCache full:https://registry.npmjs.org/babel-plugin-react-compiler cache-miss
233 http fetch GET 200 https://registry.npmjs.org/babel-plugin-react-compiler 155ms (cache miss)
234 silly packumentCache full:https://registry.npmjs.org/babel-plugin-react-compiler set size:undefined disposed:false
235 silly fetch manifest oxc-transform-react@^0.145.0
236 silly packumentCache full:https://registry.npmjs.org/oxc-transform-react cache-miss
237 http fetch GET 200 https://registry.npmjs.org/oxc-transform-react 119ms (cache miss)
238 silly packumentCache full:https://registry.npmjs.org/oxc-transform-react set size:undefined disposed:false
239 silly fetch manifest eslint-plugin-react-hooks@^7.1.1
240 silly packumentCache full:https://registry.npmjs.org/eslint-plugin-react-hooks cache-miss
241 http fetch GET 200 https://registry.npmjs.org/eslint-plugin-react-hooks 1084ms (cache miss)
242 silly packumentCache full:https://registry.npmjs.org/eslint-plugin-react-hooks set size:undefined disposed:false
243 silly fetch manifest eslint-plugin-react-refresh@^0.5.3
244 silly packumentCache full:https://registry.npmjs.org/eslint-plugin-react-refresh cache-miss
245 http fetch GET 200 https://registry.npmjs.org/eslint-plugin-react-refresh 92ms (cache miss)
246 silly packumentCache full:https://registry.npmjs.org/eslint-plugin-react-refresh set size:undefined disposed:false
247 silly fetch manifest globals@^17.7.0
248 silly packumentCache full:https://registry.npmjs.org/globals cache-miss
249 http fetch GET 200 https://registry.npmjs.org/globals 74ms (cache miss)
250 silly packumentCache full:https://registry.npmjs.org/globals set size:undefined disposed:false
251 silly placeDep ROOT @eslint/js@10.0.1 OK for: frontend@0.0.0 want: ^10.0.1
252 silly placeDep ROOT @reduxjs/toolkit@2.13.0 OK for: frontend@0.0.0 want: ^2.12.0
253 silly placeDep ROOT @tailwindcss/vite@4.3.3 OK for: frontend@0.0.0 want: ^4.3.3
254 silly placeDep ROOT vite@8.3.1 OK for: @tailwindcss/vite@4.3.3 want: ^5.2.0 || ^6 || ^7 || ^8
255 silly placeDep ROOT @types/react@19.3.0 OK for: frontend@0.0.0 want: ^19.2.17
256 silly placeDep ROOT @types/react-dom@19.3.0 OK for: frontend@0.0.0 want: ^19.2.3
257 silly placeDep ROOT @vitejs/plugin-react@6.1.1 OK for: frontend@0.0.0 want: ^6.0.4
258 silly placeDep ROOT axios@1.20.0 OK for: frontend@0.0.0 want: ^1.20.0
259 silly placeDep ROOT eslint@10.11.0 OK for: frontend@0.0.0 want: ^10.8.0
260 silly placeDep ROOT eslint-plugin-react-hooks@7.1.1 OK for: frontend@0.0.0 want: ^7.1.1
261 silly placeDep ROOT eslint-plugin-react-refresh@0.5.7 OK for: frontend@0.0.0 want: ^0.5.3
262 silly placeDep ROOT globals@17.13.0 OK for: frontend@0.0.0 want: ^17.7.0
263 silly placeDep ROOT react@19.3.0 OK for: frontend@0.0.0 want: ^19.2.8
264 silly placeDep ROOT react-dom@19.3.0 OK for: frontend@0.0.0 want: ^19.2.8
265 silly placeDep ROOT react-redux@9.3.0 OK for: frontend@0.0.0 want: ^9.3.0
266 silly placeDep ROOT react-router-dom@7.18.4 OK for: frontend@0.0.0 want: ^7.18.2
267 silly placeDep ROOT tailwindcss@4.3.3 OK for: frontend@0.0.0 want: ^4.3.3
268 silly fetch manifest immer@^11.0.0
269 silly packumentCache full:https://registry.npmjs.org/immer cache-miss
270 silly fetch manifest redux@^5.0.1
271 silly packumentCache full:https://registry.npmjs.org/redux cache-miss
272 silly fetch manifest reselect@^5.1.0
273 silly packumentCache full:https://registry.npmjs.org/reselect cache-miss
274 silly fetch manifest redux-thunk@^3.1.0
275 silly packumentCache full:https://registry.npmjs.org/redux-thunk cache-miss
276 silly fetch manifest @standard-schema/spec@^1.0.0
277 silly packumentCache full:https://registry.npmjs.org/@standard-schema%2fspec cache-miss
278 silly fetch manifest @standard-schema/utils@^0.3.0
279 silly packumentCache full:https://registry.npmjs.org/@standard-schema%2futils cache-miss
280 silly fetch manifest tailwindcss@4.3.3
281 silly packumentCache full:https://registry.npmjs.org/tailwindcss cache-miss
282 http cache https://registry.npmjs.org/redux 32ms (cache hit)
283 silly packumentCache full:https://registry.npmjs.org/redux set size:553833 disposed:false
284 silly fetch manifest @tailwindcss/node@4.3.3
285 silly packumentCache full:https://registry.npmjs.org/@tailwindcss%2fnode cache-miss
286 http cache https://registry.npmjs.org/tailwindcss 87ms (cache hit)
287 silly packumentCache full:https://registry.npmjs.org/tailwindcss set size:10893093 disposed:false
288 silly fetch manifest @tailwindcss/oxide@4.3.3
289 silly packumentCache full:https://registry.npmjs.org/@tailwindcss%2foxide cache-miss
290 http fetch GET 200 https://registry.npmjs.org/immer 293ms (cache miss)
291 silly packumentCache full:https://registry.npmjs.org/immer set size:undefined disposed:false
292 silly fetch manifest postcss@^8.5.28
293 silly packumentCache full:https://registry.npmjs.org/postcss cache-miss
294 http cache https://registry.npmjs.org/postcss 29ms (cache hit)
295 silly packumentCache full:https://registry.npmjs.org/postcss set size:766699 disposed:false
296 silly fetch manifest rolldown@~1.2.9
297 silly packumentCache full:https://registry.npmjs.org/rolldown cache-miss
298 http fetch GET 200 https://registry.npmjs.org/@standard-schema%2fspec 348ms (cache miss)
299 silly packumentCache full:https://registry.npmjs.org/@standard-schema%2fspec set size:undefined disposed:false
300 silly fetch manifest picomatch@^4.0.7
301 silly packumentCache full:https://registry.npmjs.org/picomatch cache-miss
302 http fetch GET 200 https://registry.npmjs.org/redux-thunk 350ms (cache miss)
303 silly packumentCache full:https://registry.npmjs.org/redux-thunk set size:undefined disposed:false
304 silly fetch manifest tinyglobby@^0.2.17
305 silly packumentCache full:https://registry.npmjs.org/tinyglobby cache-miss
306 http fetch GET 200 https://registry.npmjs.org/reselect 363ms (cache miss)
307 silly packumentCache full:https://registry.npmjs.org/reselect set size:undefined disposed:false
308 silly fetch manifest lightningcss@^1.33.0
309 silly packumentCache full:https://registry.npmjs.org/lightningcss cache-miss
310 http cache https://registry.npmjs.org/rolldown 41ms (cache hit)
311 silly packumentCache full:https://registry.npmjs.org/rolldown set size:3841440 disposed:false
312 silly fetch manifest fsevents@~2.3.3
313 silly packumentCache full:https://registry.npmjs.org/fsevents cache-miss
314 http fetch GET 200 https://registry.npmjs.org/tinyglobby 201ms (cache miss)
315 silly packumentCache full:https://registry.npmjs.org/tinyglobby set size:undefined disposed:false
316 silly fetch manifest csstype@^3.2.2
317 silly packumentCache full:https://registry.npmjs.org/csstype cache-miss
318 http fetch GET 200 https://registry.npmjs.org/lightningcss 216ms (cache miss)
319 silly packumentCache full:https://registry.npmjs.org/lightningcss set size:undefined disposed:false
320 silly fetch manifest @rolldown/pluginutils@^1.0.1
321 silly packumentCache full:https://registry.npmjs.org/@rolldown%2fpluginutils cache-miss
322 http fetch GET 200 https://registry.npmjs.org/picomatch 259ms (cache miss)
323 silly packumentCache full:https://registry.npmjs.org/picomatch set size:undefined disposed:false
324 silly fetch manifest form-data@^4.0.6
325 silly packumentCache full:https://registry.npmjs.org/form-data cache-miss
326 http fetch GET 200 https://registry.npmjs.org/@standard-schema%2futils 681ms (cache miss)
327 silly packumentCache full:https://registry.npmjs.org/@standard-schema%2futils set size:undefined disposed:false
328 silly fetch manifest proxy-from-env@^2.1.0
329 silly packumentCache full:https://registry.npmjs.org/proxy-from-env cache-miss
330 http fetch GET 200 https://registry.npmjs.org/@tailwindcss%2fnode 651ms (cache miss)
331 silly packumentCache full:https://registry.npmjs.org/@tailwindcss%2fnode set size:undefined disposed:false
332 silly fetch manifest follow-redirects@^1.16.0
333 silly packumentCache full:https://registry.npmjs.org/follow-redirects cache-miss
334 http fetch GET 200 https://registry.npmjs.org/form-data 191ms (cache miss)
335 silly packumentCache full:https://registry.npmjs.org/form-data set size:undefined disposed:false
336 silly fetch manifest https-proxy-agent@^5.0.1
337 silly packumentCache full:https://registry.npmjs.org/https-proxy-agent cache-miss
338 http fetch GET 200 https://registry.npmjs.org/@rolldown%2fpluginutils 220ms (cache miss)
339 silly packumentCache full:https://registry.npmjs.org/@rolldown%2fpluginutils set size:undefined disposed:false
340 silly fetch manifest ajv@^6.14.0
341 silly packumentCache full:https://registry.npmjs.org/ajv cache-miss
342 http fetch GET 200 https://registry.npmjs.org/proxy-from-env 157ms (cache miss)
343 silly packumentCache full:https://registry.npmjs.org/proxy-from-env set size:undefined disposed:false
344 silly fetch manifest debug@^4.3.2
345 silly packumentCache full:https://registry.npmjs.org/debug cache-miss
346 http fetch GET 200 https://registry.npmjs.org/fsevents 459ms (cache miss)
347 silly packumentCache full:https://registry.npmjs.org/fsevents set size:undefined disposed:false
348 silly fetch manifest espree@^11.2.0
349 silly packumentCache full:https://registry.npmjs.org/espree cache-miss
350 http fetch GET 200 https://registry.npmjs.org/follow-redirects 177ms (cache miss)
351 silly packumentCache full:https://registry.npmjs.org/follow-redirects set size:undefined disposed:false
352 silly fetch manifest ignore@^5.2.0
353 silly packumentCache full:https://registry.npmjs.org/ignore cache-miss
354 http fetch GET 200 https://registry.npmjs.org/csstype 322ms (cache miss)
355 silly packumentCache full:https://registry.npmjs.org/csstype set size:undefined disposed:false
356 silly fetch manifest esquery@^1.7.0
357 silly packumentCache full:https://registry.npmjs.org/esquery cache-miss
358 http fetch GET 200 https://registry.npmjs.org/@tailwindcss%2foxide 785ms (cache miss)
359 silly packumentCache full:https://registry.npmjs.org/@tailwindcss%2foxide set size:undefined disposed:false
360 silly fetch manifest esutils@^2.0.2
361 silly packumentCache full:https://registry.npmjs.org/esutils cache-miss
362 http fetch GET 200 https://registry.npmjs.org/https-proxy-agent 219ms (cache miss)
363 silly packumentCache full:https://registry.npmjs.org/https-proxy-agent set size:undefined disposed:false
364 silly fetch manifest find-up@^5.0.0
365 silly packumentCache full:https://registry.npmjs.org/find-up cache-miss
366 http fetch GET 200 https://registry.npmjs.org/esquery 310ms (cache miss)
367 silly packumentCache full:https://registry.npmjs.org/esquery set size:undefined disposed:false
368 silly fetch manifest is-glob@^4.0.0
369 silly packumentCache full:https://registry.npmjs.org/is-glob cache-miss
370 http fetch GET 200 https://registry.npmjs.org/debug 359ms (cache miss)
371 silly packumentCache full:https://registry.npmjs.org/debug set size:undefined disposed:false
372 silly fetch manifest minimatch@^10.2.5
373 silly packumentCache full:https://registry.npmjs.org/minimatch cache-miss
374 http fetch GET 200 https://registry.npmjs.org/ignore 359ms (cache miss)
375 silly packumentCache full:https://registry.npmjs.org/ignore set size:undefined disposed:false
376 silly fetch manifest optionator@^0.9.3
377 silly packumentCache full:https://registry.npmjs.org/optionator cache-miss
378 http fetch GET 200 https://registry.npmjs.org/espree 489ms (cache miss)
379 silly packumentCache full:https://registry.npmjs.org/espree set size:undefined disposed:false
380 silly fetch manifest cross-spawn@^7.0.6
381 silly packumentCache full:https://registry.npmjs.org/cross-spawn cache-miss
382 http fetch GET 200 https://registry.npmjs.org/esutils 407ms (cache miss)
383 silly packumentCache full:https://registry.npmjs.org/esutils set size:undefined disposed:false
384 silly fetch manifest glob-parent@^6.0.2
385 silly packumentCache full:https://registry.npmjs.org/glob-parent cache-miss
386 http fetch GET 200 https://registry.npmjs.org/is-glob 271ms (cache miss)
387 silly packumentCache full:https://registry.npmjs.org/is-glob set size:undefined disposed:false
388 silly fetch manifest imurmurhash@^0.1.4
389 silly packumentCache full:https://registry.npmjs.org/imurmurhash cache-miss
390 http fetch GET 200 https://registry.npmjs.org/find-up 445ms (cache miss)
391 silly packumentCache full:https://registry.npmjs.org/find-up set size:undefined disposed:false
392 silly fetch manifest @eslint/core@^1.2.1
393 silly packumentCache full:https://registry.npmjs.org/@eslint%2fcore cache-miss
394 http fetch GET 200 https://registry.npmjs.org/optionator 230ms (cache miss)
395 silly packumentCache full:https://registry.npmjs.org/optionator set size:undefined disposed:false
396 silly fetch manifest eslint-scope@^9.1.2
397 silly packumentCache full:https://registry.npmjs.org/eslint-scope cache-miss
398 http fetch GET 200 https://registry.npmjs.org/cross-spawn 122ms (cache miss)
399 silly packumentCache full:https://registry.npmjs.org/cross-spawn set size:undefined disposed:false
400 silly fetch manifest @humanfs/node@^0.16.6
401 silly packumentCache full:https://registry.npmjs.org/@humanfs%2fnode cache-miss
402 http fetch GET 200 https://registry.npmjs.org/glob-parent 78ms (cache miss)
403 silly packumentCache full:https://registry.npmjs.org/glob-parent set size:undefined disposed:false
404 silly fetch manifest @types/estree@^1.0.6
405 silly packumentCache full:https://registry.npmjs.org/@types%2festree cache-miss
406 http fetch GET 200 https://registry.npmjs.org/minimatch 314ms (cache miss)
407 silly packumentCache full:https://registry.npmjs.org/minimatch set size:undefined disposed:false
408 silly fetch manifest fast-deep-equal@^3.1.3
409 silly packumentCache full:https://registry.npmjs.org/fast-deep-equal cache-miss
410 http fetch GET 200 https://registry.npmjs.org/imurmurhash 75ms (cache miss)
411 silly packumentCache full:https://registry.npmjs.org/imurmurhash set size:undefined disposed:false
412 silly fetch manifest natural-compare@^1.4.0
413 silly packumentCache full:https://registry.npmjs.org/natural-compare cache-miss
414 http fetch GET 200 https://registry.npmjs.org/ajv 729ms (cache miss)
415 silly packumentCache full:https://registry.npmjs.org/ajv set size:undefined disposed:false
416 silly fetch manifest file-entry-cache@11.1.5 || >11.1.6 <12
417 silly packumentCache full:https://registry.npmjs.org/file-entry-cache cache-miss
418 http fetch GET 200 https://registry.npmjs.org/@eslint%2fcore 107ms (cache miss)
419 silly packumentCache full:https://registry.npmjs.org/@eslint%2fcore set size:undefined disposed:false
420 silly fetch manifest @eslint/plugin-kit@^0.7.3
421 silly packumentCache full:https://registry.npmjs.org/@eslint%2fplugin-kit cache-miss
422 http fetch GET 200 https://registry.npmjs.org/eslint-scope 123ms (cache miss)
423 silly packumentCache full:https://registry.npmjs.org/eslint-scope set size:undefined disposed:false
424 silly fetch manifest eslint-visitor-keys@^5.0.1
425 silly packumentCache full:https://registry.npmjs.org/eslint-visitor-keys cache-miss
426 http fetch GET 200 https://registry.npmjs.org/@humanfs%2fnode 116ms (cache miss)
427 silly packumentCache full:https://registry.npmjs.org/@humanfs%2fnode set size:undefined disposed:false
428 silly fetch manifest @eslint/config-array@^0.23.5
429 silly packumentCache full:https://registry.npmjs.org/@eslint%2fconfig-array cache-miss
430 http fetch GET 200 https://registry.npmjs.org/fast-deep-equal 99ms (cache miss)
431 silly packumentCache full:https://registry.npmjs.org/fast-deep-equal set size:undefined disposed:false
432 silly fetch manifest @humanwhocodes/retry@^0.4.2
433 silly packumentCache full:https://registry.npmjs.org/@humanwhocodes%2fretry cache-miss
434 http fetch GET 200 https://registry.npmjs.org/@types%2festree 119ms (cache miss)
435 silly packumentCache full:https://registry.npmjs.org/@types%2festree set size:undefined disposed:false
436 silly fetch manifest escape-string-regexp@^4.0.0
437 silly packumentCache full:https://registry.npmjs.org/escape-string-regexp cache-miss
438 http fetch GET 200 https://registry.npmjs.org/natural-compare 103ms (cache miss)
439 silly packumentCache full:https://registry.npmjs.org/natural-compare set size:undefined disposed:false
440 silly fetch manifest @eslint/config-helpers@^0.7.0
441 silly packumentCache full:https://registry.npmjs.org/@eslint%2fconfig-helpers cache-miss
442 http fetch GET 200 https://registry.npmjs.org/file-entry-cache 90ms (cache miss)
443 silly packumentCache full:https://registry.npmjs.org/file-entry-cache set size:undefined disposed:false
444 silly fetch manifest @eslint-community/regexpp@^4.12.2
445 silly packumentCache full:https://registry.npmjs.org/@eslint-community%2fregexpp cache-miss
446 http fetch GET 200 https://registry.npmjs.org/@eslint%2fplugin-kit 103ms (cache miss)
447 silly packumentCache full:https://registry.npmjs.org/@eslint%2fplugin-kit set size:undefined disposed:false
448 silly fetch manifest @eslint-community/eslint-utils@^4.8.0
449 silly packumentCache full:https://registry.npmjs.org/@eslint-community%2feslint-utils cache-miss
450 http fetch GET 200 https://registry.npmjs.org/eslint-visitor-keys 81ms (cache miss)
451 silly packumentCache full:https://registry.npmjs.org/eslint-visitor-keys set size:undefined disposed:false
452 silly fetch manifest @humanwhocodes/module-importer@^1.0.1
453 silly packumentCache full:https://registry.npmjs.org/@humanwhocodes%2fmodule-importer cache-miss
454 http fetch GET 200 https://registry.npmjs.org/@eslint%2fconfig-array 85ms (cache miss)
455 silly packumentCache full:https://registry.npmjs.org/@eslint%2fconfig-array set size:undefined disposed:false
456 silly fetch manifest json-stable-stringify-without-jsonify@^1.0.1
457 silly packumentCache full:https://registry.npmjs.org/json-stable-stringify-without-jsonify cache-miss
458 http fetch GET 200 https://registry.npmjs.org/@humanwhocodes%2fretry 81ms (cache miss)
459 silly packumentCache full:https://registry.npmjs.org/@humanwhocodes%2fretry set size:undefined disposed:false
460 silly fetch manifest zod@^3.25.0 || ^4.0.0
461 silly packumentCache full:https://registry.npmjs.org/zod cache-miss
462 http fetch GET 200 https://registry.npmjs.org/escape-string-regexp 81ms (cache miss)
463 silly packumentCache full:https://registry.npmjs.org/escape-string-regexp set size:undefined disposed:false
464 silly fetch manifest @babel/core@^7.24.4
465 silly packumentCache full:https://registry.npmjs.org/@babel%2fcore cache-miss
466 http fetch GET 200 https://registry.npmjs.org/@eslint%2fconfig-helpers 76ms (cache miss)
467 silly packumentCache full:https://registry.npmjs.org/@eslint%2fconfig-helpers set size:undefined disposed:false
468 silly fetch manifest @babel/parser@^7.24.4
469 silly packumentCache full:https://registry.npmjs.org/@babel%2fparser cache-miss
470 http cache https://registry.npmjs.org/@babel%2fcore 10ms (cache hit)
471 silly packumentCache full:https://registry.npmjs.org/@babel%2fcore set size:797193 disposed:false
472 silly fetch manifest hermes-parser@^0.25.1
473 silly packumentCache full:https://registry.npmjs.org/hermes-parser cache-miss
474 http fetch GET 200 https://registry.npmjs.org/json-stable-stringify-without-jsonify 41ms (cache miss)
475 silly packumentCache full:https://registry.npmjs.org/json-stable-stringify-without-jsonify set size:undefined disposed:false
476 silly fetch manifest zod-validation-error@^3.5.0 || ^4.0.0
477 silly packumentCache full:https://registry.npmjs.org/zod-validation-error cache-miss
478 http fetch GET 200 https://registry.npmjs.org/@eslint-community%2feslint-utils 69ms (cache miss)
479 silly packumentCache full:https://registry.npmjs.org/@eslint-community%2feslint-utils set size:undefined disposed:false
480 silly fetch manifest scheduler@^0.28.0
481 silly packumentCache full:https://registry.npmjs.org/scheduler cache-miss
482 http fetch GET 200 https://registry.npmjs.org/@eslint-community%2fregexpp 105ms (cache miss)
483 silly packumentCache full:https://registry.npmjs.org/@eslint-community%2fregexpp set size:undefined disposed:false
484 silly fetch manifest use-sync-external-store@^1.4.0
485 silly packumentCache full:https://registry.npmjs.org/use-sync-external-store cache-miss
486 http fetch GET 200 https://registry.npmjs.org/@humanwhocodes%2fmodule-importer 78ms (cache miss)
487 silly packumentCache full:https://registry.npmjs.org/@humanwhocodes%2fmodule-importer set size:undefined disposed:false
488 silly fetch manifest @types/use-sync-external-store@^0.0.6
489 silly packumentCache full:https://registry.npmjs.org/@types%2fuse-sync-external-store cache-miss
490 http fetch GET 200 https://registry.npmjs.org/hermes-parser 56ms (cache miss)
491 silly packumentCache full:https://registry.npmjs.org/hermes-parser set size:undefined disposed:false
492 silly fetch manifest react-router@7.18.4
493 silly packumentCache full:https://registry.npmjs.org/react-router cache-miss
494 http fetch GET 200 https://registry.npmjs.org/zod-validation-error 89ms (cache miss)
495 silly packumentCache full:https://registry.npmjs.org/zod-validation-error set size:undefined disposed:false
496 http fetch GET 200 https://registry.npmjs.org/@babel%2fparser 158ms (cache miss)
497 silly packumentCache full:https://registry.npmjs.org/@babel%2fparser set size:undefined disposed:false
498 http fetch GET 200 https://registry.npmjs.org/@types%2fuse-sync-external-store 154ms (cache miss)
499 silly packumentCache full:https://registry.npmjs.org/@types%2fuse-sync-external-store set size:undefined disposed:false
500 http fetch GET 200 https://registry.npmjs.org/zod 726ms (cache miss)
501 silly packumentCache full:https://registry.npmjs.org/zod set size:undefined disposed:false
502 http fetch GET 200 https://registry.npmjs.org/react-router 905ms (cache miss)
503 silly packumentCache full:https://registry.npmjs.org/react-router set size:undefined disposed:false
504 http fetch GET 200 https://registry.npmjs.org/use-sync-external-store 1335ms (cache miss)
505 silly packumentCache full:https://registry.npmjs.org/use-sync-external-store set size:undefined disposed:false
506 http fetch GET 200 https://registry.npmjs.org/scheduler 1501ms (cache miss)
507 silly packumentCache full:https://registry.npmjs.org/scheduler set size:undefined disposed:false
508 silly placeDep ROOT @standard-schema/spec@1.1.0 OK for: @reduxjs/toolkit@2.13.0 want: ^1.0.0
509 silly placeDep ROOT @standard-schema/utils@0.3.0 OK for: @reduxjs/toolkit@2.13.0 want: ^0.3.0
510 silly placeDep ROOT immer@11.1.18 OK for: @reduxjs/toolkit@2.13.0 want: ^11.0.0
511 silly placeDep ROOT redux@5.0.1 OK for: @reduxjs/toolkit@2.13.0 want: ^5.0.1
512 silly placeDep ROOT redux-thunk@3.1.0 OK for: @reduxjs/toolkit@2.13.0 want: ^3.1.0
513 silly placeDep ROOT reselect@5.3.0 OK for: @reduxjs/toolkit@2.13.0 want: ^5.1.0
514 silly placeDep ROOT @tailwindcss/node@4.3.3 OK for: @tailwindcss/vite@4.3.3 want: 4.3.3
515 silly placeDep ROOT @tailwindcss/oxide@4.3.3 OK for: @tailwindcss/vite@4.3.3 want: 4.3.3
516 silly fetch manifest jiti@^2.7.0
517 silly packumentCache full:https://registry.npmjs.org/jiti cache-hit
518 silly fetch manifest lightningcss@1.32.0
519 silly packumentCache full:https://registry.npmjs.org/lightningcss cache-miss
520 silly fetch manifest magic-string@^0.30.21
521 silly packumentCache full:https://registry.npmjs.org/magic-string cache-miss
522 silly fetch manifest source-map-js@^1.2.1
523 silly packumentCache full:https://registry.npmjs.org/source-map-js cache-miss
524 silly fetch manifest enhanced-resolve@^5.24.1
525 silly packumentCache full:https://registry.npmjs.org/enhanced-resolve cache-miss
526 silly fetch manifest @jridgewell/remapping@^2.3.5
527 silly packumentCache full:https://registry.npmjs.org/@jridgewell%2fremapping cache-miss
528 silly fetch manifest @tailwindcss/oxide-darwin-x64@4.3.3
529 silly packumentCache full:https://registry.npmjs.org/@tailwindcss%2foxide-darwin-x64 cache-miss
530 silly fetch manifest @tailwindcss/oxide-freebsd-x64@4.3.3
531 silly packumentCache full:https://registry.npmjs.org/@tailwindcss%2foxide-freebsd-x64 cache-miss
532 http cache https://registry.npmjs.org/lightningcss 26ms (cache hit)
533 silly packumentCache full:https://registry.npmjs.org/lightningcss set size:191065 disposed:false
534 silly fetch manifest @tailwindcss/oxide-wasm32-wasi@4.3.3
535 silly packumentCache full:https://registry.npmjs.org/@tailwindcss%2foxide-wasm32-wasi cache-miss
536 http fetch GET 200 https://registry.npmjs.org/source-map-js 49ms (cache miss)
537 silly packumentCache full:https://registry.npmjs.org/source-map-js set size:undefined disposed:false
538 silly fetch manifest @tailwindcss/oxide-darwin-arm64@4.3.3
539 silly packumentCache full:https://registry.npmjs.org/@tailwindcss%2foxide-darwin-arm64 cache-miss
540 http fetch GET 200 https://registry.npmjs.org/magic-string 203ms (cache miss)
541 silly packumentCache full:https://registry.npmjs.org/magic-string set size:undefined disposed:false
542 silly fetch manifest @tailwindcss/oxide-android-arm64@4.3.3
543 silly packumentCache full:https://registry.npmjs.org/@tailwindcss%2foxide-android-arm64 cache-miss
544 http fetch GET 200 https://registry.npmjs.org/@jridgewell%2fremapping 259ms (cache miss)
545 silly packumentCache full:https://registry.npmjs.org/@jridgewell%2fremapping set size:undefined disposed:false
546 silly fetch manifest @tailwindcss/oxide-linux-x64-gnu@4.3.3
547 silly packumentCache full:https://registry.npmjs.org/@tailwindcss%2foxide-linux-x64-gnu cache-miss
548 http fetch GET 200 https://registry.npmjs.org/enhanced-resolve 385ms (cache miss)
549 silly packumentCache full:https://registry.npmjs.org/enhanced-resolve set size:undefined disposed:false
550 silly fetch manifest @tailwindcss/oxide-linux-x64-musl@4.3.3
551 silly packumentCache full:https://registry.npmjs.org/@tailwindcss%2foxide-linux-x64-musl cache-miss
552 http fetch GET 200 https://registry.npmjs.org/@tailwindcss%2foxide-wasm32-wasi 689ms (cache miss)
553 silly packumentCache full:https://registry.npmjs.org/@tailwindcss%2foxide-wasm32-wasi set size:undefined disposed:false
554 silly fetch manifest @tailwindcss/oxide-win32-x64-msvc@4.3.3
555 silly packumentCache full:https://registry.npmjs.org/@tailwindcss%2foxide-win32-x64-msvc cache-miss
556 http fetch GET 200 https://registry.npmjs.org/@tailwindcss%2foxide-darwin-arm64 1149ms (cache miss)
557 silly packumentCache full:https://registry.npmjs.org/@tailwindcss%2foxide-darwin-arm64 set size:undefined disposed:false
558 silly fetch manifest @tailwindcss/oxide-linux-arm64-gnu@4.3.3
559 silly packumentCache full:https://registry.npmjs.org/@tailwindcss%2foxide-linux-arm64-gnu cache-miss
560 http fetch GET 200 https://registry.npmjs.org/@tailwindcss%2foxide-android-arm64 1005ms (cache miss)
561 silly packumentCache full:https://registry.npmjs.org/@tailwindcss%2foxide-android-arm64 set size:undefined disposed:false
562 silly fetch manifest @tailwindcss/oxide-linux-arm64-musl@4.3.3
563 silly packumentCache full:https://registry.npmjs.org/@tailwindcss%2foxide-linux-arm64-musl cache-miss
564 http fetch GET 200 https://registry.npmjs.org/@tailwindcss%2foxide-freebsd-x64 1407ms (cache miss)
565 silly packumentCache full:https://registry.npmjs.org/@tailwindcss%2foxide-freebsd-x64 set size:undefined disposed:false
566 silly fetch manifest @tailwindcss/oxide-win32-arm64-msvc@4.3.3
567 silly packumentCache full:https://registry.npmjs.org/@tailwindcss%2foxide-win32-arm64-msvc cache-miss
568 http fetch GET 200 https://registry.npmjs.org/@tailwindcss%2foxide-linux-x64-musl 1391ms (cache miss)
569 silly packumentCache full:https://registry.npmjs.org/@tailwindcss%2foxide-linux-x64-musl set size:undefined disposed:false
570 silly fetch manifest @tailwindcss/oxide-linux-arm-gnueabihf@4.3.3
571 silly packumentCache full:https://registry.npmjs.org/@tailwindcss%2foxide-linux-arm-gnueabihf cache-miss
572 http fetch GET 200 https://registry.npmjs.org/@tailwindcss%2foxide-darwin-x64 2142ms (cache miss)
573 silly packumentCache full:https://registry.npmjs.org/@tailwindcss%2foxide-darwin-x64 set size:undefined disposed:false
574 http fetch GET 200 https://registry.npmjs.org/@tailwindcss%2foxide-linux-x64-gnu 2262ms (cache miss)
575 silly packumentCache full:https://registry.npmjs.org/@tailwindcss%2foxide-linux-x64-gnu set size:undefined disposed:false
576 http fetch GET 200 https://registry.npmjs.org/@tailwindcss%2foxide-win32-x64-msvc 1953ms (cache miss)
577 silly packumentCache full:https://registry.npmjs.org/@tailwindcss%2foxide-win32-x64-msvc set size:undefined disposed:false
578 http fetch GET 200 https://registry.npmjs.org/@tailwindcss%2foxide-linux-arm64-gnu 1751ms (cache miss)
579 silly packumentCache full:https://registry.npmjs.org/@tailwindcss%2foxide-linux-arm64-gnu set size:undefined disposed:false
580 http fetch GET 200 https://registry.npmjs.org/@tailwindcss%2foxide-win32-arm64-msvc 1652ms (cache miss)
581 silly packumentCache full:https://registry.npmjs.org/@tailwindcss%2foxide-win32-arm64-msvc set size:undefined disposed:false
582 http fetch GET 200 https://registry.npmjs.org/@tailwindcss%2foxide-linux-arm64-musl 2181ms (cache miss)
583 silly packumentCache full:https://registry.npmjs.org/@tailwindcss%2foxide-linux-arm64-musl set size:undefined disposed:false
584 http fetch GET 200 https://registry.npmjs.org/@tailwindcss%2foxide-linux-arm-gnueabihf 1860ms (cache miss)
585 silly packumentCache full:https://registry.npmjs.org/@tailwindcss%2foxide-linux-arm-gnueabihf set size:undefined disposed:false
586 silly placeDep ROOT @jridgewell/remapping@2.3.5 OK for: @tailwindcss/node@4.3.3 want: ^2.3.5
587 silly placeDep ROOT enhanced-resolve@5.26.0 OK for: @tailwindcss/node@4.3.3 want: ^5.24.1
588 silly placeDep ROOT jiti@2.7.0 OK for: @tailwindcss/node@4.3.3 want: ^2.7.0
589 silly placeDep ROOT lightningcss@1.32.0 OK for: @tailwindcss/node@4.3.3 want: 1.32.0
590 silly placeDep ROOT magic-string@0.30.21 OK for: @tailwindcss/node@4.3.3 want: ^0.30.21
591 silly placeDep ROOT source-map-js@1.2.2 OK for: @tailwindcss/node@4.3.3 want: ^1.2.1
592 silly fetch manifest @jridgewell/gen-mapping@^0.3.5
593 silly packumentCache full:https://registry.npmjs.org/@jridgewell%2fgen-mapping cache-miss
594 silly fetch manifest @jridgewell/trace-mapping@^0.3.24
595 silly packumentCache full:https://registry.npmjs.org/@jridgewell%2ftrace-mapping cache-miss
596 silly fetch manifest tapable@^2.3.3
597 silly packumentCache full:https://registry.npmjs.org/tapable cache-miss
598 silly fetch manifest graceful-fs@^4.2.4
599 silly packumentCache full:https://registry.npmjs.org/graceful-fs cache-miss
600 silly fetch manifest detect-libc@^2.0.3
601 silly packumentCache full:https://registry.npmjs.org/detect-libc cache-miss
602 silly fetch manifest lightningcss-darwin-x64@1.32.0
603 silly packumentCache full:https://registry.npmjs.org/lightningcss-darwin-x64 cache-miss
604 silly fetch manifest lightningcss-freebsd-x64@1.32.0
605 silly packumentCache full:https://registry.npmjs.org/lightningcss-freebsd-x64 cache-miss
606 http fetch GET 200 https://registry.npmjs.org/detect-libc 71ms (cache miss)
607 silly packumentCache full:https://registry.npmjs.org/detect-libc set size:undefined disposed:false
608 silly fetch manifest lightningcss-darwin-arm64@1.32.0
609 silly packumentCache full:https://registry.npmjs.org/lightningcss-darwin-arm64 cache-miss
610 http fetch GET 200 https://registry.npmjs.org/@jridgewell%2fgen-mapping 117ms (cache miss)
611 silly packumentCache full:https://registry.npmjs.org/@jridgewell%2fgen-mapping set size:undefined disposed:false
612 silly fetch manifest lightningcss-android-arm64@1.32.0
613 silly packumentCache full:https://registry.npmjs.org/lightningcss-android-arm64 cache-miss
614 http fetch GET 200 https://registry.npmjs.org/tapable 128ms (cache miss)
615 silly packumentCache full:https://registry.npmjs.org/tapable set size:undefined disposed:false
616 silly fetch manifest lightningcss-linux-x64-gnu@1.32.0
617 silly packumentCache full:https://registry.npmjs.org/lightningcss-linux-x64-gnu cache-miss
618 http fetch GET 200 https://registry.npmjs.org/graceful-fs 189ms (cache miss)
619 silly packumentCache full:https://registry.npmjs.org/graceful-fs set size:undefined disposed:false
620 silly fetch manifest lightningcss-linux-x64-musl@1.32.0
621 silly packumentCache full:https://registry.npmjs.org/lightningcss-linux-x64-musl cache-miss
622 http fetch GET 200 https://registry.npmjs.org/lightningcss-freebsd-x64 219ms (cache miss)
623 silly packumentCache full:https://registry.npmjs.org/lightningcss-freebsd-x64 set size:undefined disposed:false
624 silly fetch manifest lightningcss-win32-x64-msvc@1.32.0
625 silly packumentCache full:https://registry.npmjs.org/lightningcss-win32-x64-msvc cache-miss
626 http fetch GET 200 https://registry.npmjs.org/lightningcss-darwin-x64 223ms (cache miss)
627 silly packumentCache full:https://registry.npmjs.org/lightningcss-darwin-x64 set size:undefined disposed:false
628 silly fetch manifest lightningcss-linux-arm64-gnu@1.32.0
629 silly packumentCache full:https://registry.npmjs.org/lightningcss-linux-arm64-gnu cache-miss
630 http fetch GET 200 https://registry.npmjs.org/@jridgewell%2ftrace-mapping 230ms (cache miss)
631 silly packumentCache full:https://registry.npmjs.org/@jridgewell%2ftrace-mapping set size:undefined disposed:false
632 silly fetch manifest lightningcss-linux-arm64-musl@1.32.0
633 silly packumentCache full:https://registry.npmjs.org/lightningcss-linux-arm64-musl cache-miss
634 http fetch GET 200 https://registry.npmjs.org/lightningcss-android-arm64 117ms (cache miss)
635 silly packumentCache full:https://registry.npmjs.org/lightningcss-android-arm64 set size:undefined disposed:false
636 silly fetch manifest lightningcss-win32-arm64-msvc@1.32.0
637 silly packumentCache full:https://registry.npmjs.org/lightningcss-win32-arm64-msvc cache-miss
638 http fetch GET 200 https://registry.npmjs.org/lightningcss-darwin-arm64 168ms (cache miss)
639 silly packumentCache full:https://registry.npmjs.org/lightningcss-darwin-arm64 set size:undefined disposed:false
640 silly fetch manifest lightningcss-linux-arm-gnueabihf@1.32.0
641 silly packumentCache full:https://registry.npmjs.org/lightningcss-linux-arm-gnueabihf cache-miss
642 http fetch GET 200 https://registry.npmjs.org/lightningcss-linux-x64-gnu 124ms (cache miss)
643 silly packumentCache full:https://registry.npmjs.org/lightningcss-linux-x64-gnu set size:undefined disposed:false
644 silly fetch manifest @jridgewell/sourcemap-codec@^1.5.5
645 silly packumentCache full:https://registry.npmjs.org/@jridgewell%2fsourcemap-codec cache-miss
646 http fetch GET 200 https://registry.npmjs.org/lightningcss-linux-x64-musl 78ms (cache miss)
647 silly packumentCache full:https://registry.npmjs.org/lightningcss-linux-x64-musl set size:undefined disposed:false
648 http fetch GET 200 https://registry.npmjs.org/lightningcss-win32-arm64-msvc 64ms (cache miss)
649 silly packumentCache full:https://registry.npmjs.org/lightningcss-win32-arm64-msvc set size:undefined disposed:false
650 http fetch GET 200 https://registry.npmjs.org/lightningcss-linux-arm-gnueabihf 97ms (cache miss)
651 silly packumentCache full:https://registry.npmjs.org/lightningcss-linux-arm-gnueabihf set size:undefined disposed:false
652 http fetch GET 200 https://registry.npmjs.org/lightningcss-linux-arm64-musl 129ms (cache miss)
653 silly packumentCache full:https://registry.npmjs.org/lightningcss-linux-arm64-musl set size:undefined disposed:false
654 http fetch GET 200 https://registry.npmjs.org/lightningcss-linux-arm64-gnu 146ms (cache miss)
655 silly packumentCache full:https://registry.npmjs.org/lightningcss-linux-arm64-gnu set size:undefined disposed:false
656 http fetch GET 200 https://registry.npmjs.org/lightningcss-win32-x64-msvc 154ms (cache miss)
657 silly packumentCache full:https://registry.npmjs.org/lightningcss-win32-x64-msvc set size:undefined disposed:false
658 http fetch GET 200 https://registry.npmjs.org/@jridgewell%2fsourcemap-codec 314ms (cache miss)
659 silly packumentCache full:https://registry.npmjs.org/@jridgewell%2fsourcemap-codec set size:undefined disposed:false
660 silly placeDep ROOT @jridgewell/gen-mapping@0.3.13 OK for: @jridgewell/remapping@2.3.5 want: ^0.3.5
661 silly placeDep ROOT @jridgewell/trace-mapping@0.3.31 OK for: @jridgewell/remapping@2.3.5 want: ^0.3.24
662 silly fetch manifest @jridgewell/sourcemap-codec@^1.5.0
663 silly packumentCache full:https://registry.npmjs.org/@jridgewell%2fsourcemap-codec cache-miss
664 silly fetch manifest @jridgewell/resolve-uri@^3.1.0
665 silly packumentCache full:https://registry.npmjs.org/@jridgewell%2fresolve-uri cache-miss
666 silly fetch manifest @jridgewell/sourcemap-codec@^1.4.14
667 silly packumentCache full:https://registry.npmjs.org/@jridgewell%2fsourcemap-codec cache-miss
668 http cache https://registry.npmjs.org/@jridgewell%2fsourcemap-codec 9ms (cache hit)
669 silly packumentCache full:https://registry.npmjs.org/@jridgewell%2fsourcemap-codec set size:65255 disposed:false
670 http cache https://registry.npmjs.org/@jridgewell%2fsourcemap-codec 10ms (cache hit)
671 silly packumentCache full:https://registry.npmjs.org/@jridgewell%2fsourcemap-codec set size:65255 disposed:false
672 silly packumentCache full:https://registry.npmjs.org/@jridgewell%2fsourcemap-codec dispose
673 http fetch GET 200 https://registry.npmjs.org/@jridgewell%2fresolve-uri 73ms (cache miss)
674 silly packumentCache full:https://registry.npmjs.org/@jridgewell%2fresolve-uri set size:undefined disposed:false
675 silly placeDep ROOT @jridgewell/sourcemap-codec@1.6.0 OK for: @jridgewell/gen-mapping@0.3.13 want: ^1.5.0
676 silly placeDep ROOT @jridgewell/resolve-uri@3.1.2 OK for: @jridgewell/trace-mapping@0.3.31 want: ^3.1.0
677 silly placeDep ROOT @tailwindcss/oxide-android-arm64@4.3.3 OK for: @tailwindcss/oxide@4.3.3 want: 4.3.3
678 silly placeDep ROOT @tailwindcss/oxide-darwin-arm64@4.3.3 OK for: @tailwindcss/oxide@4.3.3 want: 4.3.3
679 silly placeDep ROOT @tailwindcss/oxide-darwin-x64@4.3.3 OK for: @tailwindcss/oxide@4.3.3 want: 4.3.3
680 silly placeDep ROOT @tailwindcss/oxide-freebsd-x64@4.3.3 OK for: @tailwindcss/oxide@4.3.3 want: 4.3.3
681 silly placeDep ROOT @tailwindcss/oxide-linux-arm-gnueabihf@4.3.3 OK for: @tailwindcss/oxide@4.3.3 want: 4.3.3
682 silly placeDep ROOT @tailwindcss/oxide-linux-arm64-gnu@4.3.3 OK for: @tailwindcss/oxide@4.3.3 want: 4.3.3
683 silly placeDep ROOT @tailwindcss/oxide-linux-arm64-musl@4.3.3 OK for: @tailwindcss/oxide@4.3.3 want: 4.3.3
684 silly placeDep ROOT @tailwindcss/oxide-linux-x64-gnu@4.3.3 OK for: @tailwindcss/oxide@4.3.3 want: 4.3.3
685 silly placeDep ROOT @tailwindcss/oxide-linux-x64-musl@4.3.3 OK for: @tailwindcss/oxide@4.3.3 want: 4.3.3
686 silly placeDep ROOT @tailwindcss/oxide-wasm32-wasi@4.3.3 OK for: @tailwindcss/oxide@4.3.3 want: 4.3.3
687 silly placeDep ROOT @tailwindcss/oxide-win32-arm64-msvc@4.3.3 OK for: @tailwindcss/oxide@4.3.3 want: 4.3.3
688 silly placeDep ROOT @tailwindcss/oxide-win32-x64-msvc@4.3.3 OK for: @tailwindcss/oxide@4.3.3 want: 4.3.3
689 silly placeDep ROOT csstype@3.2.3 OK for: @types/react@19.3.0 want: ^3.2.2
690 silly placeDep ROOT @rolldown/pluginutils@1.0.1 OK for: @vitejs/plugin-react@6.1.1 want: ^1.0.1
691 silly placeDep ROOT follow-redirects@1.16.0 OK for: axios@1.20.0 want: ^1.16.0
692 silly placeDep ROOT form-data@4.0.6 OK for: axios@1.20.0 want: ^4.0.6
693 silly placeDep ROOT https-proxy-agent@5.0.1 OK for: axios@1.20.0 want: ^5.0.1
694 silly placeDep ROOT proxy-from-env@2.1.0 OK for: axios@1.20.0 want: ^2.1.0
695 silly fetch manifest hasown@^2.0.4
696 silly packumentCache full:https://registry.npmjs.org/hasown cache-miss
697 silly fetch manifest asynckit@^0.4.0
698 silly packumentCache full:https://registry.npmjs.org/asynckit cache-miss
699 silly fetch manifest mime-types@^2.1.35
700 silly packumentCache full:https://registry.npmjs.org/mime-types cache-miss
701 silly fetch manifest combined-stream@^1.0.8
702 silly packumentCache full:https://registry.npmjs.org/combined-stream cache-miss
703 silly fetch manifest es-set-tostringtag@^2.1.0
704 silly packumentCache full:https://registry.npmjs.org/es-set-tostringtag cache-miss
705 silly fetch manifest debug@4
706 silly packumentCache full:https://registry.npmjs.org/debug cache-miss
707 silly fetch manifest agent-base@6
708 silly packumentCache full:https://registry.npmjs.org/agent-base cache-miss
709 http cache https://registry.npmjs.org/debug 28ms (cache hit)
710 silly packumentCache full:https://registry.npmjs.org/debug set size:195840 disposed:false
711 http fetch GET 200 https://registry.npmjs.org/hasown 58ms (cache miss)
712 silly packumentCache full:https://registry.npmjs.org/hasown set size:undefined disposed:false
713 http fetch GET 200 https://registry.npmjs.org/agent-base 63ms (cache miss)
714 silly packumentCache full:https://registry.npmjs.org/agent-base set size:undefined disposed:false
715 http fetch GET 200 https://registry.npmjs.org/asynckit 85ms (cache miss)
716 silly packumentCache full:https://registry.npmjs.org/asynckit set size:undefined disposed:false
717 http fetch GET 200 https://registry.npmjs.org/es-set-tostringtag 90ms (cache miss)
718 silly packumentCache full:https://registry.npmjs.org/es-set-tostringtag set size:undefined disposed:false
719 http fetch GET 200 https://registry.npmjs.org/combined-stream 93ms (cache miss)
720 silly packumentCache full:https://registry.npmjs.org/combined-stream set size:undefined disposed:false
721 http fetch GET 200 https://registry.npmjs.org/mime-types 98ms (cache miss)
722 silly packumentCache full:https://registry.npmjs.org/mime-types set size:undefined disposed:false
723 silly placeDep ROOT graceful-fs@4.2.11 OK for: enhanced-resolve@5.26.0 want: ^4.2.4
724 silly placeDep ROOT tapable@2.3.3 OK for: enhanced-resolve@5.26.0 want: ^2.3.3
725 silly fetch manifest eslint@^6.0.0 || ^7.0.0 || >=8.0.0
726 silly packumentCache full:https://registry.npmjs.org/eslint cache-miss
727 http cache https://registry.npmjs.org/eslint 11ms (cache hit)
728 silly packumentCache full:https://registry.npmjs.org/eslint set size:2085131 disposed:false
729 silly placeDep ROOT @eslint-community/eslint-utils@4.10.1 OK for: eslint@10.11.0 want: ^4.8.0
730 silly placeDep ROOT @eslint-community/regexpp@4.12.2 OK for: eslint@10.11.0 want: ^4.12.2
731 silly placeDep ROOT @eslint/config-array@0.23.5 OK for: eslint@10.11.0 want: ^0.23.5
732 silly placeDep ROOT @eslint/config-helpers@0.7.0 OK for: eslint@10.11.0 want: ^0.7.0
733 silly placeDep ROOT @eslint/core@1.2.1 OK for: eslint@10.11.0 want: ^1.2.1
734 silly placeDep ROOT @eslint/plugin-kit@0.7.3 OK for: eslint@10.11.0 want: ^0.7.3
735 silly placeDep ROOT @humanfs/node@0.16.8 OK for: eslint@10.11.0 want: ^0.16.6
736 silly placeDep ROOT @humanwhocodes/module-importer@1.0.1 OK for: eslint@10.11.0 want: ^1.0.1
737 silly placeDep ROOT @humanwhocodes/retry@0.4.3 OK for: eslint@10.11.0 want: ^0.4.2
738 silly placeDep ROOT @types/estree@1.0.9 OK for: eslint@10.11.0 want: ^1.0.6
739 silly placeDep ROOT ajv@6.15.0 OK for: eslint@10.11.0 want: ^6.14.0
740 silly placeDep ROOT cross-spawn@7.0.6 OK for: eslint@10.11.0 want: ^7.0.6
741 silly placeDep ROOT debug@4.4.3 OK for: eslint@10.11.0 want: ^4.3.2
742 silly placeDep ROOT escape-string-regexp@4.0.0 OK for: eslint@10.11.0 want: ^4.0.0
743 silly placeDep ROOT eslint-scope@9.1.2 OK for: eslint@10.11.0 want: ^9.1.2
744 silly placeDep ROOT eslint-visitor-keys@5.0.1 OK for: eslint@10.11.0 want: ^5.0.1
745 silly placeDep ROOT espree@11.2.0 OK for: eslint@10.11.0 want: ^11.2.0
746 silly placeDep ROOT esquery@1.7.0 OK for: eslint@10.11.0 want: ^1.7.0
747 silly placeDep ROOT esutils@2.0.3 OK for: eslint@10.11.0 want: ^2.0.2
748 silly placeDep ROOT fast-deep-equal@3.1.3 OK for: eslint@10.11.0 want: ^3.1.3
749 silly placeDep ROOT file-entry-cache@11.1.5 OK for: eslint@10.11.0 want: 11.1.5 || >11.1.6 <12
750 silly placeDep ROOT find-up@5.0.0 OK for: eslint@10.11.0 want: ^5.0.0
751 silly placeDep ROOT glob-parent@6.0.2 OK for: eslint@10.11.0 want: ^6.0.2
752 silly placeDep ROOT ignore@5.3.2 OK for: eslint@10.11.0 want: ^5.2.0
753 silly placeDep ROOT imurmurhash@0.1.4 OK for: eslint@10.11.0 want: ^0.1.4
754 silly placeDep ROOT is-glob@4.0.3 OK for: eslint@10.11.0 want: ^4.0.0
755 silly placeDep ROOT json-stable-stringify-without-jsonify@1.0.1 OK for: eslint@10.11.0 want: ^1.0.1
756 silly placeDep ROOT minimatch@10.2.6 OK for: eslint@10.11.0 want: ^10.2.5
757 silly placeDep ROOT natural-compare@1.4.0 OK for: eslint@10.11.0 want: ^1.4.0
758 silly placeDep ROOT optionator@0.9.4 OK for: eslint@10.11.0 want: ^0.9.3
759 silly fetch manifest eslint-visitor-keys@^3.4.3
760 silly packumentCache full:https://registry.npmjs.org/eslint-visitor-keys cache-miss
761 silly fetch manifest @eslint/object-schema@^3.0.5
762 silly packumentCache full:https://registry.npmjs.org/@eslint%2fobject-schema cache-miss
763 silly fetch manifest debug@^4.3.1
764 silly packumentCache full:https://registry.npmjs.org/debug cache-hit
765 silly fetch manifest minimatch@^10.2.4
766 silly packumentCache full:https://registry.npmjs.org/minimatch cache-miss
767 silly fetch manifest @types/json-schema@^7.0.15
768 silly packumentCache full:https://registry.npmjs.org/@types%2fjson-schema cache-miss
769 silly fetch manifest levn@^0.4.1
770 silly packumentCache full:https://registry.npmjs.org/levn cache-miss
771 silly fetch manifest @humanfs/core@^0.19.2
772 silly packumentCache full:https://registry.npmjs.org/@humanfs%2fcore cache-miss
773 silly fetch manifest @humanfs/types@^0.15.0
774 silly packumentCache full:https://registry.npmjs.org/@humanfs%2ftypes cache-miss
775 http cache https://registry.npmjs.org/minimatch 10ms (cache hit)
776 silly packumentCache full:https://registry.npmjs.org/minimatch set size:377924 disposed:false
777 silly fetch manifest @humanwhocodes/retry@^0.4.0
778 silly packumentCache full:https://registry.npmjs.org/@humanwhocodes%2fretry cache-miss
779 http cache https://registry.npmjs.org/eslint-visitor-keys 20ms (cache hit)
780 silly packumentCache full:https://registry.npmjs.org/eslint-visitor-keys set size:69949 disposed:false
781 silly fetch manifest uri-js@^4.2.2
782 silly packumentCache full:https://registry.npmjs.org/uri-js cache-miss
783 http cache https://registry.npmjs.org/@humanwhocodes%2fretry 13ms (cache hit)
784 silly packumentCache full:https://registry.npmjs.org/@humanwhocodes%2fretry set size:42348 disposed:false
785 silly fetch manifest fast-deep-equal@^3.1.1
786 silly packumentCache full:https://registry.npmjs.org/fast-deep-equal cache-miss
787 http cache https://registry.npmjs.org/fast-deep-equal 5ms (cache hit)
788 silly packumentCache full:https://registry.npmjs.org/fast-deep-equal set size:48634 disposed:false
789 silly fetch manifest json-schema-traverse@^0.4.1
790 silly packumentCache full:https://registry.npmjs.org/json-schema-traverse cache-miss
791 http fetch GET 200 https://registry.npmjs.org/levn 50ms (cache miss)
792 silly packumentCache full:https://registry.npmjs.org/levn set size:undefined disposed:false
793 silly fetch manifest fast-json-stable-stringify@^2.0.0
794 silly packumentCache full:https://registry.npmjs.org/fast-json-stable-stringify cache-miss
795 http fetch GET 200 https://registry.npmjs.org/@types%2fjson-schema 72ms (cache miss)
796 silly packumentCache full:https://registry.npmjs.org/@types%2fjson-schema set size:undefined disposed:false
797 silly fetch manifest which@^2.0.1
798 silly packumentCache full:https://registry.npmjs.org/which cache-miss
799 http fetch GET 200 https://registry.npmjs.org/@eslint%2fobject-schema 137ms (cache miss)
800 silly packumentCache full:https://registry.npmjs.org/@eslint%2fobject-schema set size:undefined disposed:false
801 silly fetch manifest path-key@^3.1.0
802 silly packumentCache full:https://registry.npmjs.org/path-key cache-miss
803 http fetch GET 200 https://registry.npmjs.org/@humanfs%2fcore 137ms (cache miss)
804 silly packumentCache full:https://registry.npmjs.org/@humanfs%2fcore set size:undefined disposed:false
805 silly fetch manifest shebang-command@^2.0.0
806 silly packumentCache full:https://registry.npmjs.org/shebang-command cache-miss
807 http fetch GET 200 https://registry.npmjs.org/json-schema-traverse 107ms (cache miss)
808 silly packumentCache full:https://registry.npmjs.org/json-schema-traverse set size:undefined disposed:false
809 silly fetch manifest ms@^2.1.3
810 silly packumentCache full:https://registry.npmjs.org/ms cache-miss
811 http fetch GET 200 https://registry.npmjs.org/uri-js 123ms (cache miss)
812 silly packumentCache full:https://registry.npmjs.org/uri-js set size:undefined disposed:false
813 silly fetch manifest @types/esrecurse@^4.3.1
814 silly packumentCache full:https://registry.npmjs.org/@types%2fesrecurse cache-miss
815 http fetch GET 200 https://registry.npmjs.org/@humanfs%2ftypes 147ms (cache miss)
816 silly packumentCache full:https://registry.npmjs.org/@humanfs%2ftypes set size:undefined disposed:false
817 silly fetch manifest esrecurse@^4.3.0
818 silly packumentCache full:https://registry.npmjs.org/esrecurse cache-miss
819 http fetch GET 200 https://registry.npmjs.org/fast-json-stable-stringify 99ms (cache miss)
820 silly packumentCache full:https://registry.npmjs.org/fast-json-stable-stringify set size:undefined disposed:false
821 silly fetch manifest estraverse@^5.2.0
822 silly packumentCache full:https://registry.npmjs.org/estraverse cache-miss
823 http fetch GET 200 https://registry.npmjs.org/which 117ms (cache miss)
824 silly packumentCache full:https://registry.npmjs.org/which set size:undefined disposed:false
825 silly fetch manifest acorn@^8.16.0
826 silly packumentCache full:https://registry.npmjs.org/acorn cache-miss
827 http fetch GET 200 https://registry.npmjs.org/path-key 62ms (cache miss)
828 silly packumentCache full:https://registry.npmjs.org/path-key set size:undefined disposed:false
829 silly fetch manifest acorn-jsx@^5.3.2
830 silly packumentCache full:https://registry.npmjs.org/acorn-jsx cache-miss
831 http fetch GET 200 https://registry.npmjs.org/shebang-command 76ms (cache miss)
832 silly packumentCache full:https://registry.npmjs.org/shebang-command set size:undefined disposed:false
833 silly fetch manifest estraverse@^5.1.0
834 silly packumentCache full:https://registry.npmjs.org/estraverse cache-miss
835 http fetch GET 200 https://registry.npmjs.org/@types%2fesrecurse 75ms (cache miss)
836 silly packumentCache full:https://registry.npmjs.org/@types%2fesrecurse set size:undefined disposed:false
837 silly fetch manifest flat-cache@^6.1.23
838 silly packumentCache full:https://registry.npmjs.org/flat-cache cache-miss
839 http fetch GET 200 https://registry.npmjs.org/esrecurse 75ms (cache miss)
840 silly packumentCache full:https://registry.npmjs.org/esrecurse set size:undefined disposed:false
841 silly fetch manifest locate-path@^6.0.0
842 silly packumentCache full:https://registry.npmjs.org/locate-path cache-miss
843 http fetch GET 200 https://registry.npmjs.org/ms 89ms (cache miss)
844 silly packumentCache full:https://registry.npmjs.org/ms set size:undefined disposed:false
845 silly fetch manifest path-exists@^4.0.0
846 silly packumentCache full:https://registry.npmjs.org/path-exists cache-miss
847 http fetch GET 200 https://registry.npmjs.org/estraverse 82ms (cache miss)
848 silly packumentCache full:https://registry.npmjs.org/estraverse set size:undefined disposed:false
849 silly fetch manifest is-glob@^4.0.3
850 silly packumentCache full:https://registry.npmjs.org/is-glob cache-miss
851 http cache https://registry.npmjs.org/is-glob 4ms (cache hit)
852 silly packumentCache full:https://registry.npmjs.org/is-glob set size:40530 disposed:false
853 silly fetch manifest is-extglob@^2.1.1
854 silly packumentCache full:https://registry.npmjs.org/is-extglob cache-miss
855 http fetch GET 200 https://registry.npmjs.org/acorn-jsx 54ms (cache miss)
856 silly packumentCache full:https://registry.npmjs.org/acorn-jsx set size:undefined disposed:false
857 silly fetch manifest brace-expansion@^5.0.8
858 silly packumentCache full:https://registry.npmjs.org/brace-expansion cache-miss
859 http fetch GET 200 https://registry.npmjs.org/estraverse 50ms (cache miss)
860 silly packumentCache full:https://registry.npmjs.org/estraverse set size:undefined disposed:false
861 silly fetch manifest prelude-ls@^1.2.1
862 silly packumentCache full:https://registry.npmjs.org/prelude-ls cache-miss
863 http fetch GET 200 https://registry.npmjs.org/flat-cache 60ms (cache miss)
864 silly packumentCache full:https://registry.npmjs.org/flat-cache set size:undefined disposed:false
865 silly fetch manifest deep-is@^0.1.3
866 silly packumentCache full:https://registry.npmjs.org/deep-is cache-miss
867 http fetch GET 200 https://registry.npmjs.org/path-exists 67ms (cache miss)
868 silly packumentCache full:https://registry.npmjs.org/path-exists set size:undefined disposed:false
869 silly fetch manifest word-wrap@^1.2.5
870 silly packumentCache full:https://registry.npmjs.org/word-wrap cache-miss
871 http fetch GET 200 https://registry.npmjs.org/is-extglob 64ms (cache miss)
872 silly packumentCache full:https://registry.npmjs.org/is-extglob set size:undefined disposed:false
873 silly fetch manifest type-check@^0.4.0
874 silly packumentCache full:https://registry.npmjs.org/type-check cache-miss
875 http fetch GET 200 https://registry.npmjs.org/locate-path 79ms (cache miss)
876 silly packumentCache full:https://registry.npmjs.org/locate-path set size:undefined disposed:false
877 silly fetch manifest fast-levenshtein@^2.0.6
878 silly packumentCache full:https://registry.npmjs.org/fast-levenshtein cache-miss
879 http fetch GET 200 https://registry.npmjs.org/brace-expansion 56ms (cache miss)
880 silly packumentCache full:https://registry.npmjs.org/brace-expansion set size:undefined disposed:false
881 http fetch GET 200 https://registry.npmjs.org/prelude-ls 53ms (cache miss)
882 silly packumentCache full:https://registry.npmjs.org/prelude-ls set size:undefined disposed:false
883 http fetch GET 200 https://registry.npmjs.org/deep-is 46ms (cache miss)
884 silly packumentCache full:https://registry.npmjs.org/deep-is set size:undefined disposed:false
885 http fetch GET 200 https://registry.npmjs.org/type-check 42ms (cache miss)
886 silly packumentCache full:https://registry.npmjs.org/type-check set size:undefined disposed:false
887 http fetch GET 200 https://registry.npmjs.org/fast-levenshtein 49ms (cache miss)
888 silly packumentCache full:https://registry.npmjs.org/fast-levenshtein set size:undefined disposed:false
889 http fetch GET 200 https://registry.npmjs.org/word-wrap 72ms (cache miss)
890 silly packumentCache full:https://registry.npmjs.org/word-wrap set size:undefined disposed:false
891 http fetch GET 200 https://registry.npmjs.org/acorn 176ms (cache miss)
892 silly packumentCache full:https://registry.npmjs.org/acorn set size:undefined disposed:false
893 silly placeDep node_modules/@eslint-community/eslint-utils eslint-visitor-keys@3.4.3 OK for: @eslint-community/eslint-utils@4.10.1 want: ^3.4.3
894 silly placeDep ROOT @eslint/object-schema@3.0.5 OK for: @eslint/config-array@0.23.5 want: ^3.0.5
895 silly placeDep ROOT @types/json-schema@7.0.15 OK for: @eslint/core@1.2.1 want: ^7.0.15
896 silly placeDep ROOT levn@0.4.1 OK for: @eslint/plugin-kit@0.7.3 want: ^0.4.1
897 silly fetch manifest type-check@~0.4.0
898 silly packumentCache full:https://registry.npmjs.org/type-check cache-miss
899 http cache https://registry.npmjs.org/type-check 10ms (cache hit)
900 silly packumentCache full:https://registry.npmjs.org/type-check set size:21221 disposed:false
901 silly placeDep ROOT @humanfs/core@0.19.2 OK for: @humanfs/node@0.16.8 want: ^0.19.2
902 silly placeDep ROOT @humanfs/types@0.15.0 OK for: @humanfs/node@0.16.8 want: ^0.15.0
903 silly placeDep ROOT fast-json-stable-stringify@2.1.0 OK for: ajv@6.15.0 want: ^2.0.0
904 silly placeDep ROOT json-schema-traverse@0.4.1 OK for: ajv@6.15.0 want: ^0.4.1
905 silly placeDep ROOT uri-js@4.4.1 OK for: ajv@6.15.0 want: ^4.2.2
906 silly fetch manifest punycode@^2.1.0
907 silly packumentCache full:https://registry.npmjs.org/punycode cache-miss
908 http fetch GET 200 https://registry.npmjs.org/punycode 68ms (cache miss)
909 silly packumentCache full:https://registry.npmjs.org/punycode set size:undefined disposed:false
910 silly placeDep ROOT path-key@3.1.1 OK for: cross-spawn@7.0.6 want: ^3.1.0
911 silly placeDep ROOT shebang-command@2.0.0 OK for: cross-spawn@7.0.6 want: ^2.0.0
912 silly placeDep ROOT which@2.0.2 OK for: cross-spawn@7.0.6 want: ^2.0.1
913 silly fetch manifest shebang-regex@^3.0.0
914 silly packumentCache full:https://registry.npmjs.org/shebang-regex cache-miss
915 silly fetch manifest isexe@^2.0.0
916 silly packumentCache full:https://registry.npmjs.org/isexe cache-miss
917 http fetch GET 200 https://registry.npmjs.org/shebang-regex 39ms (cache miss)
918 silly packumentCache full:https://registry.npmjs.org/shebang-regex set size:undefined disposed:false
919 http fetch GET 200 https://registry.npmjs.org/isexe 54ms (cache miss)
920 silly packumentCache full:https://registry.npmjs.org/isexe set size:undefined disposed:false
921 silly placeDep ROOT ms@2.1.3 OK for: debug@4.4.3 want: ^2.1.3
922 silly placeDep ROOT @babel/core@7.29.7 OK for: eslint-plugin-react-hooks@7.1.1 want: ^7.24.4
923 silly placeDep ROOT @babel/parser@7.29.9 OK for: eslint-plugin-react-hooks@7.1.1 want: ^7.24.4
924 silly placeDep ROOT hermes-parser@0.25.1 OK for: eslint-plugin-react-hooks@7.1.1 want: ^0.25.1
925 silly placeDep ROOT zod@4.6.5 OK for: eslint-plugin-react-hooks@7.1.1 want: ^3.25.0 || ^4.0.0
926 silly placeDep ROOT zod-validation-error@4.0.2 OK for: eslint-plugin-react-hooks@7.1.1 want: ^3.5.0 || ^4.0.0
927 silly fetch manifest json5@^2.2.3
928 silly packumentCache full:https://registry.npmjs.org/json5 cache-miss
929 silly fetch manifest semver@^6.3.1
930 silly packumentCache full:https://registry.npmjs.org/semver cache-miss
931 silly fetch manifest gensync@^1.0.0-beta.2
932 silly packumentCache full:https://registry.npmjs.org/gensync cache-miss
933 silly fetch manifest @babel/types@^7.29.7
934 silly packumentCache full:https://registry.npmjs.org/@babel%2ftypes cache-miss
935 silly fetch manifest @babel/parser@^7.29.7
936 silly packumentCache full:https://registry.npmjs.org/@babel%2fparser cache-miss
937 silly fetch manifest @babel/helpers@^7.29.7
938 silly packumentCache full:https://registry.npmjs.org/@babel%2fhelpers cache-miss
939 silly fetch manifest @babel/template@^7.29.7
940 silly packumentCache full:https://registry.npmjs.org/@babel%2ftemplate cache-miss
941 http cache https://registry.npmjs.org/@babel%2fparser 27ms (cache hit)
942 silly packumentCache full:https://registry.npmjs.org/@babel%2fparser set size:745724 disposed:false
943 silly fetch manifest @babel/traverse@^7.29.7
944 silly packumentCache full:https://registry.npmjs.org/@babel%2ftraverse cache-miss
945 http fetch GET 200 https://registry.npmjs.org/gensync 69ms (cache miss)
946 silly packumentCache full:https://registry.npmjs.org/gensync set size:undefined disposed:false
947 silly fetch manifest @babel/generator@^7.29.7
948 silly packumentCache full:https://registry.npmjs.org/@babel%2fgenerator cache-miss
949 http fetch GET 200 https://registry.npmjs.org/json5 73ms (cache miss)
950 silly packumentCache full:https://registry.npmjs.org/json5 set size:undefined disposed:false
951 silly fetch manifest @babel/code-frame@^7.29.7
952 silly packumentCache full:https://registry.npmjs.org/@babel%2fcode-frame cache-miss
953 http fetch GET 200 https://registry.npmjs.org/@babel%2ftemplate 148ms (cache miss)
954 silly packumentCache full:https://registry.npmjs.org/@babel%2ftemplate set size:undefined disposed:false
955 silly fetch manifest convert-source-map@^2.0.0
956 silly packumentCache full:https://registry.npmjs.org/convert-source-map cache-miss
957 http fetch GET 200 https://registry.npmjs.org/@babel%2fhelpers 213ms (cache miss)
958 silly packumentCache full:https://registry.npmjs.org/@babel%2fhelpers set size:undefined disposed:false
959 silly fetch manifest @babel/helper-module-transforms@^7.29.7
960 silly packumentCache full:https://registry.npmjs.org/@babel%2fhelper-module-transforms cache-miss
961 http fetch GET 200 https://registry.npmjs.org/semver 248ms (cache miss)
962 silly packumentCache full:https://registry.npmjs.org/semver set size:undefined disposed:false
963 silly fetch manifest @babel/helper-compilation-targets@^7.29.7
964 silly packumentCache full:https://registry.npmjs.org/@babel%2fhelper-compilation-targets cache-miss
965 http fetch GET 200 https://registry.npmjs.org/convert-source-map 107ms (cache miss)
966 silly packumentCache full:https://registry.npmjs.org/convert-source-map set size:undefined disposed:false
967 silly fetch manifest @babel/types@^7.29.8
968 silly packumentCache full:https://registry.npmjs.org/@babel%2ftypes cache-miss
969 http fetch GET 200 https://registry.npmjs.org/@babel%2fcode-frame 192ms (cache miss)
970 silly packumentCache full:https://registry.npmjs.org/@babel%2fcode-frame set size:undefined disposed:false
971 silly fetch manifest hermes-estree@0.25.1
972 silly packumentCache full:https://registry.npmjs.org/hermes-estree cache-miss
973 http fetch GET 200 https://registry.npmjs.org/@babel%2ftypes 295ms (cache miss)
974 silly packumentCache full:https://registry.npmjs.org/@babel%2ftypes set size:undefined disposed:false
975 http fetch GET 200 https://registry.npmjs.org/@babel%2ftraverse 310ms (cache miss)
976 silly packumentCache full:https://registry.npmjs.org/@babel%2ftraverse set size:undefined disposed:false
977 http fetch GET 200 https://registry.npmjs.org/hermes-estree 114ms (cache miss)
978 silly packumentCache full:https://registry.npmjs.org/hermes-estree set size:undefined disposed:false
979 http fetch GET 200 https://registry.npmjs.org/@babel%2fhelper-compilation-targets 147ms (cache miss)
980 silly packumentCache full:https://registry.npmjs.org/@babel%2fhelper-compilation-targets set size:undefined disposed:false
981 http fetch GET 200 https://registry.npmjs.org/@babel%2fgenerator 371ms (cache miss)
982 silly packumentCache full:https://registry.npmjs.org/@babel%2fgenerator set size:undefined disposed:false
983 http fetch GET 200 https://registry.npmjs.org/@babel%2fhelper-module-transforms 231ms (cache miss)
984 silly packumentCache full:https://registry.npmjs.org/@babel%2fhelper-module-transforms set size:undefined disposed:false
985 http fetch GET 200 https://registry.npmjs.org/@babel%2ftypes 236ms (cache miss)
986 silly packumentCache full:https://registry.npmjs.org/@babel%2ftypes set size:undefined disposed:false
987 silly fetch manifest @babel/core@^7.0.0
988 silly packumentCache full:https://registry.npmjs.org/@babel%2fcore cache-hit
989 silly placeDep ROOT @babel/code-frame@7.29.7 OK for: @babel/core@7.29.7 want: ^7.29.7
990 silly placeDep ROOT @babel/generator@7.29.8 OK for: @babel/core@7.29.7 want: ^7.29.7
991 silly placeDep ROOT @babel/helper-compilation-targets@7.29.7 OK for: @babel/core@7.29.7 want: ^7.29.7
992 silly placeDep ROOT @babel/helper-module-transforms@7.29.7 OK for: @babel/core@7.29.7 want: ^7.29.7
993 silly placeDep ROOT @babel/helpers@7.29.7 OK for: @babel/core@7.29.7 want: ^7.29.7
994 silly placeDep ROOT @babel/template@7.29.7 OK for: @babel/core@7.29.7 want: ^7.29.7
995 silly placeDep ROOT @babel/traverse@7.29.8 OK for: @babel/core@7.29.7 want: ^7.29.7
996 silly placeDep ROOT @babel/types@7.29.8 OK for: @babel/core@7.29.7 want: ^7.29.7
997 silly placeDep ROOT convert-source-map@2.0.0 OK for: @babel/core@7.29.7 want: ^2.0.0
998 silly placeDep ROOT gensync@1.0.0-beta.2 OK for: @babel/core@7.29.7 want: ^1.0.0-beta.2
999 silly placeDep ROOT json5@2.2.3 OK for: @babel/core@7.29.7 want: ^2.2.3
1000 silly placeDep ROOT semver@6.3.1 OK for: @babel/core@7.29.7 want: ^6.3.1
1001 silly fetch manifest js-tokens@^4.0.0
1002 silly packumentCache full:https://registry.npmjs.org/js-tokens cache-miss
1003 silly fetch manifest picocolors@^1.1.1
1004 silly packumentCache full:https://registry.npmjs.org/picocolors cache-miss
1005 silly fetch manifest @babel/helper-validator-identifier@^7.29.7
1006 silly packumentCache full:https://registry.npmjs.org/@babel%2fhelper-validator-identifier cache-miss
1007 silly fetch manifest jsesc@^3.0.2
1008 silly packumentCache full:https://registry.npmjs.org/jsesc cache-miss
1009 silly fetch manifest lru-cache@^5.1.1
1010 silly packumentCache full:https://registry.npmjs.org/lru-cache cache-miss
1011 silly fetch manifest browserslist@^4.24.0
1012 silly packumentCache full:https://registry.npmjs.org/browserslist cache-miss
1013 silly fetch manifest @babel/compat-data@^7.29.7
1014 silly packumentCache full:https://registry.npmjs.org/@babel%2fcompat-data cache-miss
1015 http fetch GET 200 https://registry.npmjs.org/picocolors 49ms (cache miss)
1016 silly packumentCache full:https://registry.npmjs.org/picocolors set size:undefined disposed:false
1017 silly fetch manifest @babel/helper-validator-option@^7.29.7
1018 silly packumentCache full:https://registry.npmjs.org/@babel%2fhelper-validator-option cache-miss
1019 http fetch GET 200 https://registry.npmjs.org/js-tokens 53ms (cache miss)
1020 silly packumentCache full:https://registry.npmjs.org/js-tokens set size:undefined disposed:false
1021 silly fetch manifest @babel/helper-module-imports@^7.29.7
1022 silly packumentCache full:https://registry.npmjs.org/@babel%2fhelper-module-imports cache-miss
1023 http fetch GET 200 https://registry.npmjs.org/jsesc 81ms (cache miss)
1024 silly packumentCache full:https://registry.npmjs.org/jsesc set size:undefined disposed:false
1025 silly fetch manifest @babel/helper-validator-identifier@^7.29.7
1026 silly packumentCache full:https://registry.npmjs.org/@babel%2fhelper-validator-identifier cache-miss
1027 http fetch GET 200 https://registry.npmjs.org/@babel%2fhelper-validator-identifier 127ms (cache miss)
1028 silly packumentCache full:https://registry.npmjs.org/@babel%2fhelper-validator-identifier set size:undefined disposed:false
1029 silly fetch manifest @babel/helper-globals@^7.29.7
1030 silly packumentCache full:https://registry.npmjs.org/@babel%2fhelper-globals cache-miss
1031 http fetch GET 200 https://registry.npmjs.org/@babel%2fhelper-validator-option 126ms (cache miss)
1032 silly packumentCache full:https://registry.npmjs.org/@babel%2fhelper-validator-option set size:undefined disposed:false
1033 silly fetch manifest @babel/helper-string-parser@^7.29.7
1034 silly packumentCache full:https://registry.npmjs.org/@babel%2fhelper-string-parser cache-miss
1035 http fetch GET 200 https://registry.npmjs.org/@babel%2fcompat-data 224ms (cache miss)
1036 silly packumentCache full:https://registry.npmjs.org/@babel%2fcompat-data set size:undefined disposed:false
1037 http fetch GET 200 https://registry.npmjs.org/@babel%2fhelper-validator-identifier 150ms (cache miss)
1038 silly packumentCache full:https://registry.npmjs.org/@babel%2fhelper-validator-identifier set size:undefined disposed:false
1039 http fetch GET 200 https://registry.npmjs.org/@babel%2fhelper-module-imports 181ms (cache miss)
1040 silly packumentCache full:https://registry.npmjs.org/@babel%2fhelper-module-imports set size:undefined disposed:false
1041 http fetch GET 200 https://registry.npmjs.org/lru-cache 239ms (cache miss)
1042 silly packumentCache full:https://registry.npmjs.org/lru-cache set size:undefined disposed:false
1043 http fetch GET 200 https://registry.npmjs.org/browserslist 245ms (cache miss)
1044 silly packumentCache full:https://registry.npmjs.org/browserslist set size:undefined disposed:false
1045 http fetch GET 200 https://registry.npmjs.org/@babel%2fhelper-globals 148ms (cache miss)
1046 silly packumentCache full:https://registry.npmjs.org/@babel%2fhelper-globals set size:undefined disposed:false
1047 http fetch GET 200 https://registry.npmjs.org/@babel%2fhelper-string-parser 107ms (cache miss)
1048 silly packumentCache full:https://registry.npmjs.org/@babel%2fhelper-string-parser set size:undefined disposed:false
1049 silly placeDep ROOT @babel/helper-validator-identifier@7.29.7 OK for: @babel/code-frame@7.29.7 want: ^7.29.7
1050 silly placeDep ROOT js-tokens@4.0.0 OK for: @babel/code-frame@7.29.7 want: ^4.0.0
1051 silly placeDep ROOT picocolors@1.1.1 OK for: @babel/code-frame@7.29.7 want: ^1.1.1
1052 silly placeDep ROOT jsesc@3.1.0 OK for: @babel/generator@7.29.8 want: ^3.0.2
1053 silly placeDep ROOT @babel/compat-data@7.29.7 OK for: @babel/helper-compilation-targets@7.29.7 want: ^7.29.7
1054 silly placeDep ROOT @babel/helper-validator-option@7.29.7 OK for: @babel/helper-compilation-targets@7.29.7 want: ^7.29.7
1055 silly placeDep ROOT browserslist@4.29.3 OK for: @babel/helper-compilation-targets@7.29.7 want: ^4.24.0
1056 silly placeDep ROOT lru-cache@5.1.1 OK for: @babel/helper-compilation-targets@7.29.7 want: ^5.1.1
1057 silly fetch manifest caniuse-lite@^1.0.30001813
1058 silly packumentCache full:https://registry.npmjs.org/caniuse-lite cache-miss
1059 silly fetch manifest node-releases@^2.0.57
1060 silly packumentCache full:https://registry.npmjs.org/node-releases cache-miss
1061 silly fetch manifest electron-to-chromium@^1.5.439
1062 silly packumentCache full:https://registry.npmjs.org/electron-to-chromium cache-miss
1063 silly fetch manifest update-browserslist-db@^1.3.3
1064 silly packumentCache full:https://registry.npmjs.org/update-browserslist-db cache-miss
1065 silly fetch manifest baseline-browser-mapping@^2.11.26
1066 silly packumentCache full:https://registry.npmjs.org/baseline-browser-mapping cache-miss
1067 silly fetch manifest yallist@^3.0.2
1068 silly packumentCache full:https://registry.npmjs.org/yallist cache-miss
1069 http fetch GET 200 https://registry.npmjs.org/yallist 50ms (cache miss)
1070 silly packumentCache full:https://registry.npmjs.org/yallist set size:undefined disposed:false
1071 http fetch GET 200 https://registry.npmjs.org/update-browserslist-db 68ms (cache miss)
1072 silly packumentCache full:https://registry.npmjs.org/update-browserslist-db set size:undefined disposed:false
1073 http fetch GET 200 https://registry.npmjs.org/baseline-browser-mapping 143ms (cache miss)
1074 silly packumentCache full:https://registry.npmjs.org/baseline-browser-mapping set size:undefined disposed:false
1075 http fetch GET 200 https://registry.npmjs.org/node-releases 201ms (cache miss)
1076 silly packumentCache full:https://registry.npmjs.org/node-releases set size:undefined disposed:false
1077 http fetch GET 200 https://registry.npmjs.org/caniuse-lite 700ms (cache miss)
1078 silly packumentCache full:https://registry.npmjs.org/caniuse-lite set size:undefined disposed:false
1079 http fetch GET 200 https://registry.npmjs.org/electron-to-chromium 1233ms (cache miss)
1080 silly packumentCache full:https://registry.npmjs.org/electron-to-chromium set size:undefined disposed:false
1081 silly placeDep ROOT @babel/helper-module-imports@7.29.7 OK for: @babel/helper-module-transforms@7.29.7 want: ^7.29.7
1082 silly placeDep ROOT @babel/helper-globals@7.29.7 OK for: @babel/traverse@7.29.8 want: ^7.29.7
1083 silly placeDep ROOT @babel/helper-string-parser@7.29.7 OK for: @babel/types@7.29.8 want: ^7.29.7
1084 silly fetch manifest browserslist@>= 4.21.0
1085 silly packumentCache full:https://registry.npmjs.org/browserslist cache-miss
1086 http cache https://registry.npmjs.org/browserslist 16ms (cache hit)
1087 silly packumentCache full:https://registry.npmjs.org/browserslist set size:530436 disposed:false
1088 silly placeDep ROOT baseline-browser-mapping@2.11.26 OK for: browserslist@4.29.3 want: ^2.11.26
1089 silly placeDep ROOT caniuse-lite@1.0.30001814 OK for: browserslist@4.29.3 want: ^1.0.30001813
1090 silly placeDep ROOT electron-to-chromium@1.5.443 OK for: browserslist@4.29.3 want: ^1.5.439
1091 silly placeDep ROOT node-releases@2.0.57 OK for: browserslist@4.29.3 want: ^2.0.57
1092 silly placeDep ROOT update-browserslist-db@1.3.3 OK for: browserslist@4.29.3 want: ^1.3.3
1093 silly fetch manifest escalade@^3.2.0
1094 silly packumentCache full:https://registry.npmjs.org/escalade cache-miss
1095 http fetch GET 200 https://registry.npmjs.org/escalade 76ms (cache miss)
1096 silly packumentCache full:https://registry.npmjs.org/escalade set size:undefined disposed:false
1097 silly placeDep ROOT @types/esrecurse@4.3.1 OK for: eslint-scope@9.1.2 want: ^4.3.1
1098 silly placeDep ROOT esrecurse@4.3.0 OK for: eslint-scope@9.1.2 want: ^4.3.0
1099 silly placeDep ROOT estraverse@5.3.0 OK for: eslint-scope@9.1.2 want: ^5.2.0
1100 silly placeDep ROOT acorn@8.18.0 OK for: espree@11.2.0 want: ^8.16.0
1101 silly placeDep ROOT acorn-jsx@5.3.2 OK for: espree@11.2.0 want: ^5.3.2
1102 silly placeDep ROOT flat-cache@6.1.23 OK for: file-entry-cache@11.1.5 want: ^6.1.23
1103 silly fetch manifest flatted@^3.4.2
1104 silly packumentCache full:https://registry.npmjs.org/flatted cache-miss
1105 silly fetch manifest cacheable@^2.5.0
1106 silly packumentCache full:https://registry.npmjs.org/cacheable cache-miss
1107 silly fetch manifest hookified@^1.15.0
1108 silly packumentCache full:https://registry.npmjs.org/hookified cache-miss
1109 http fetch GET 200 https://registry.npmjs.org/cacheable 79ms (cache miss)
1110 silly packumentCache full:https://registry.npmjs.org/cacheable set size:undefined disposed:false
1111 http fetch GET 200 https://registry.npmjs.org/hookified 89ms (cache miss)
1112 silly packumentCache full:https://registry.npmjs.org/hookified set size:undefined disposed:false
1113 http fetch GET 200 https://registry.npmjs.org/flatted 92ms (cache miss)
1114 silly packumentCache full:https://registry.npmjs.org/flatted set size:undefined disposed:false
1115 silly placeDep ROOT locate-path@6.0.0 OK for: find-up@5.0.0 want: ^6.0.0
1116 silly placeDep ROOT path-exists@4.0.0 OK for: find-up@5.0.0 want: ^4.0.0
1117 silly fetch manifest p-locate@^5.0.0
1118 silly packumentCache full:https://registry.npmjs.org/p-locate cache-miss
1119 http fetch GET 200 https://registry.npmjs.org/p-locate 43ms (cache miss)
1120 silly packumentCache full:https://registry.npmjs.org/p-locate set size:undefined disposed:false
1121 silly placeDep ROOT cacheable@2.5.0 OK for: flat-cache@6.1.23 want: ^2.5.0
1122 silly placeDep ROOT flatted@3.4.4 OK for: flat-cache@6.1.23 want: ^3.4.2
1123 silly placeDep ROOT hookified@1.15.1 OK for: flat-cache@6.1.23 want: ^1.15.0
1124 silly fetch manifest keyv@^5.6.0
1125 silly packumentCache full:https://registry.npmjs.org/keyv cache-miss
1126 silly fetch manifest qified@^0.10.1
1127 silly packumentCache full:https://registry.npmjs.org/qified cache-miss
1128 silly fetch manifest @cacheable/utils@^2.5.0
1129 silly packumentCache full:https://registry.npmjs.org/@cacheable%2futils cache-miss
1130 silly fetch manifest @cacheable/memory@^2.2.0
1131 silly packumentCache full:https://registry.npmjs.org/@cacheable%2fmemory cache-miss
1132 http fetch GET 200 https://registry.npmjs.org/@cacheable%2fmemory 70ms (cache miss)
1133 silly packumentCache full:https://registry.npmjs.org/@cacheable%2fmemory set size:undefined disposed:false
1134 http fetch GET 200 https://registry.npmjs.org/@cacheable%2futils 72ms (cache miss)
1135 silly packumentCache full:https://registry.npmjs.org/@cacheable%2futils set size:undefined disposed:false
1136 http fetch GET 200 https://registry.npmjs.org/keyv 81ms (cache miss)
1137 silly packumentCache full:https://registry.npmjs.org/keyv set size:undefined disposed:false
1138 http fetch GET 200 https://registry.npmjs.org/qified 288ms (cache miss)
1139 silly packumentCache full:https://registry.npmjs.org/qified set size:undefined disposed:false
1140 silly placeDep ROOT @cacheable/memory@2.2.0 OK for: cacheable@2.5.0 want: ^2.2.0
1141 silly placeDep ROOT @cacheable/utils@2.5.0 OK for: cacheable@2.5.0 want: ^2.5.0
1142 silly placeDep ROOT keyv@5.6.0 OK for: cacheable@2.5.0 want: ^5.6.0
1143 silly placeDep ROOT qified@0.10.1 OK for: cacheable@2.5.0 want: ^0.10.1
1144 silly fetch manifest @keyv/bigmap@^1.3.1
1145 silly packumentCache full:https://registry.npmjs.org/@keyv%2fbigmap cache-miss
1146 silly fetch manifest hashery@^1.5.1
1147 silly packumentCache full:https://registry.npmjs.org/hashery cache-miss
1148 silly fetch manifest @keyv/serialize@^1.1.1
1149 silly packumentCache full:https://registry.npmjs.org/@keyv%2fserialize cache-miss
1150 silly fetch manifest hookified@^2.1.1
1151 silly packumentCache full:https://registry.npmjs.org/hookified cache-miss
1152 http cache https://registry.npmjs.org/hookified 13ms (cache hit)
1153 silly packumentCache full:https://registry.npmjs.org/hookified set size:167463 disposed:false
1154 http fetch GET 200 https://registry.npmjs.org/hashery 51ms (cache miss)
1155 silly packumentCache full:https://registry.npmjs.org/hashery set size:undefined disposed:false
1156 http fetch GET 200 https://registry.npmjs.org/@keyv%2fserialize 95ms (cache miss)
1157 silly packumentCache full:https://registry.npmjs.org/@keyv%2fserialize set size:undefined disposed:false
1158 http fetch GET 200 https://registry.npmjs.org/@keyv%2fbigmap 310ms (cache miss)
1159 silly packumentCache full:https://registry.npmjs.org/@keyv%2fbigmap set size:undefined disposed:false
1160 silly placeDep ROOT @keyv/bigmap@1.3.1 OK for: @cacheable/memory@2.2.0 want: ^1.3.1
1161 silly fetch manifest hashery@^1.4.0
1162 silly packumentCache full:https://registry.npmjs.org/hashery cache-miss
1163 http cache https://registry.npmjs.org/hashery 7ms (cache hit)
1164 silly packumentCache full:https://registry.npmjs.org/hashery set size:32683 disposed:false
1165 silly placeDep ROOT hashery@1.5.1 OK for: @cacheable/utils@2.5.0 want: ^1.5.1
1166 silly placeDep ROOT asynckit@0.4.0 OK for: form-data@4.0.6 want: ^0.4.0
1167 silly placeDep ROOT combined-stream@1.0.8 OK for: form-data@4.0.6 want: ^1.0.8
1168 silly placeDep ROOT es-set-tostringtag@2.1.0 OK for: form-data@4.0.6 want: ^2.1.0
1169 silly placeDep ROOT hasown@2.0.4 OK for: form-data@4.0.6 want: ^2.0.4
1170 silly placeDep ROOT mime-types@2.1.35 OK for: form-data@4.0.6 want: ^2.1.35
1171 silly fetch manifest delayed-stream@~1.0.0
1172 silly packumentCache full:https://registry.npmjs.org/delayed-stream cache-miss
1173 silly fetch manifest es-errors@^1.3.0
1174 silly packumentCache full:https://registry.npmjs.org/es-errors cache-miss
1175 silly fetch manifest get-intrinsic@^1.2.6
1176 silly packumentCache full:https://registry.npmjs.org/get-intrinsic cache-miss
1177 silly fetch manifest has-tostringtag@^1.0.2
1178 silly packumentCache full:https://registry.npmjs.org/has-tostringtag cache-miss
1179 silly fetch manifest hasown@^2.0.2
1180 silly packumentCache full:https://registry.npmjs.org/hasown cache-miss
1181 silly fetch manifest function-bind@^1.1.2
1182 silly packumentCache full:https://registry.npmjs.org/function-bind cache-miss
1183 silly fetch manifest mime-db@1.52.0
1184 silly packumentCache full:https://registry.npmjs.org/mime-db cache-miss
1185 http cache https://registry.npmjs.org/hasown 10ms (cache hit)
1186 silly packumentCache full:https://registry.npmjs.org/hasown set size:18361 disposed:false
1187 http fetch GET 200 https://registry.npmjs.org/function-bind 31ms (cache miss)
1188 silly packumentCache full:https://registry.npmjs.org/function-bind set size:undefined disposed:false
1189 http fetch GET 200 https://registry.npmjs.org/has-tostringtag 38ms (cache miss)
1190 silly packumentCache full:https://registry.npmjs.org/has-tostringtag set size:undefined disposed:false
1191 http fetch GET 200 https://registry.npmjs.org/delayed-stream 58ms (cache miss)
1192 silly packumentCache full:https://registry.npmjs.org/delayed-stream set size:undefined disposed:false
1193 http fetch GET 200 https://registry.npmjs.org/get-intrinsic 58ms (cache miss)
1194 silly packumentCache full:https://registry.npmjs.org/get-intrinsic set size:undefined disposed:false
1195 http fetch GET 200 https://registry.npmjs.org/es-errors 68ms (cache miss)
1196 silly packumentCache full:https://registry.npmjs.org/es-errors set size:undefined disposed:false
1197 http fetch GET 200 https://registry.npmjs.org/mime-db 96ms (cache miss)
1198 silly packumentCache full:https://registry.npmjs.org/mime-db set size:undefined disposed:false
1199 silly placeDep ROOT delayed-stream@1.0.0 OK for: combined-stream@1.0.8 want: ~1.0.0
1200 silly placeDep ROOT es-errors@1.3.0 OK for: es-set-tostringtag@2.1.0 want: ^1.3.0
1201 silly placeDep ROOT get-intrinsic@1.3.0 OK for: es-set-tostringtag@2.1.0 want: ^1.2.6
1202 silly placeDep ROOT has-tostringtag@1.0.2 OK for: es-set-tostringtag@2.1.0 want: ^1.0.2
1203 silly fetch manifest gopd@^1.2.0
1204 silly packumentCache full:https://registry.npmjs.org/gopd cache-miss
1205 silly fetch manifest get-proto@^1.0.1
1206 silly packumentCache full:https://registry.npmjs.org/get-proto cache-miss
1207 silly fetch manifest has-symbols@^1.1.0
1208 silly packumentCache full:https://registry.npmjs.org/has-symbols cache-miss
1209 silly fetch manifest es-object-atoms@^1.1.1
1210 silly packumentCache full:https://registry.npmjs.org/es-object-atoms cache-miss
1211 silly fetch manifest math-intrinsics@^1.1.0
1212 silly packumentCache full:https://registry.npmjs.org/math-intrinsics cache-miss
1213 silly fetch manifest es-define-property@^1.0.1
1214 silly packumentCache full:https://registry.npmjs.org/es-define-property cache-miss
1215 silly fetch manifest call-bind-apply-helpers@^1.0.2
1216 silly packumentCache full:https://registry.npmjs.org/call-bind-apply-helpers cache-miss
1217 http fetch GET 200 https://registry.npmjs.org/get-proto 37ms (cache miss)
1218 silly packumentCache full:https://registry.npmjs.org/get-proto set size:undefined disposed:false
1219 silly fetch manifest has-symbols@^1.0.3
1220 silly packumentCache full:https://registry.npmjs.org/has-symbols cache-miss
1221 http fetch GET 200 https://registry.npmjs.org/has-symbols 39ms (cache miss)
1222 silly packumentCache full:https://registry.npmjs.org/has-symbols set size:undefined disposed:false
1223 http fetch GET 200 https://registry.npmjs.org/call-bind-apply-helpers 45ms (cache miss)
1224 silly packumentCache full:https://registry.npmjs.org/call-bind-apply-helpers set size:undefined disposed:false
1225 http fetch GET 200 https://registry.npmjs.org/gopd 49ms (cache miss)
1226 silly packumentCache full:https://registry.npmjs.org/gopd set size:undefined disposed:false
1227 http fetch GET 200 https://registry.npmjs.org/math-intrinsics 48ms (cache miss)
1228 silly packumentCache full:https://registry.npmjs.org/math-intrinsics set size:undefined disposed:false
1229 http fetch GET 200 https://registry.npmjs.org/es-define-property 52ms (cache miss)
1230 silly packumentCache full:https://registry.npmjs.org/es-define-property set size:undefined disposed:false
1231 http fetch GET 200 https://registry.npmjs.org/es-object-atoms 54ms (cache miss)
1232 silly packumentCache full:https://registry.npmjs.org/es-object-atoms set size:undefined disposed:false
1233 http cache https://registry.npmjs.org/has-symbols 16ms (cache hit)
1234 silly packumentCache full:https://registry.npmjs.org/has-symbols set size:21550 disposed:false
1235 silly placeDep ROOT call-bind-apply-helpers@1.0.2 OK for: get-intrinsic@1.3.0 want: ^1.0.2
1236 silly placeDep ROOT es-define-property@1.0.1 OK for: get-intrinsic@1.3.0 want: ^1.0.1
1237 silly placeDep ROOT es-object-atoms@1.1.2 OK for: get-intrinsic@1.3.0 want: ^1.1.1
1238 silly placeDep ROOT function-bind@1.1.2 OK for: get-intrinsic@1.3.0 want: ^1.1.2
1239 silly placeDep ROOT get-proto@1.0.1 OK for: get-intrinsic@1.3.0 want: ^1.0.1
1240 silly placeDep ROOT gopd@1.2.0 OK for: get-intrinsic@1.3.0 want: ^1.2.0
1241 silly placeDep ROOT has-symbols@1.1.0 OK for: get-intrinsic@1.3.0 want: ^1.1.0
1242 silly placeDep ROOT math-intrinsics@1.1.0 OK for: get-intrinsic@1.3.0 want: ^1.1.0
1243 silly fetch manifest dunder-proto@^1.0.1
1244 silly packumentCache full:https://registry.npmjs.org/dunder-proto cache-miss
1245 http fetch GET 200 https://registry.npmjs.org/dunder-proto 32ms (cache miss)
1246 silly packumentCache full:https://registry.npmjs.org/dunder-proto set size:undefined disposed:false
1247 silly placeDep ROOT dunder-proto@1.0.1 OK for: get-proto@1.0.1 want: ^1.0.1
1248 silly placeDep ROOT hermes-estree@0.25.1 OK for: hermes-parser@0.25.1 want: 0.25.1
1249 silly placeDep ROOT agent-base@6.0.2 OK for: https-proxy-agent@5.0.1 want: 6
1250 silly placeDep ROOT is-extglob@2.1.1 OK for: is-glob@4.0.3 want: ^2.1.1
1251 silly placeDep ROOT @keyv/serialize@1.1.1 OK for: keyv@5.6.0 want: ^1.1.1
1252 silly placeDep ROOT prelude-ls@1.2.1 OK for: levn@0.4.1 want: ^1.2.1
1253 silly placeDep ROOT type-check@0.4.0 OK for: levn@0.4.1 want: ~0.4.0
1254 silly placeDep ROOT detect-libc@2.1.2 OK for: lightningcss@1.32.0 want: ^2.0.3
1255 silly placeDep ROOT lightningcss-android-arm64@1.32.0 OK for: lightningcss@1.32.0 want: 1.32.0
1256 silly placeDep ROOT lightningcss-darwin-arm64@1.32.0 OK for: lightningcss@1.32.0 want: 1.32.0
1257 silly placeDep ROOT lightningcss-darwin-x64@1.32.0 OK for: lightningcss@1.32.0 want: 1.32.0
1258 silly placeDep ROOT lightningcss-freebsd-x64@1.32.0 OK for: lightningcss@1.32.0 want: 1.32.0
1259 silly placeDep ROOT lightningcss-linux-arm-gnueabihf@1.32.0 OK for: lightningcss@1.32.0 want: 1.32.0
1260 silly placeDep ROOT lightningcss-linux-arm64-gnu@1.32.0 OK for: lightningcss@1.32.0 want: 1.32.0
1261 silly placeDep ROOT lightningcss-linux-arm64-musl@1.32.0 OK for: lightningcss@1.32.0 want: 1.32.0
1262 silly placeDep ROOT lightningcss-linux-x64-gnu@1.32.0 OK for: lightningcss@1.32.0 want: 1.32.0
1263 silly placeDep ROOT lightningcss-linux-x64-musl@1.32.0 OK for: lightningcss@1.32.0 want: 1.32.0
1264 silly placeDep ROOT lightningcss-win32-arm64-msvc@1.32.0 OK for: lightningcss@1.32.0 want: 1.32.0
1265 silly placeDep ROOT lightningcss-win32-x64-msvc@1.32.0 OK for: lightningcss@1.32.0 want: 1.32.0
1266 silly placeDep ROOT p-locate@5.0.0 OK for: locate-path@6.0.0 want: ^5.0.0
1267 silly fetch manifest p-limit@^3.0.2
1268 silly packumentCache full:https://registry.npmjs.org/p-limit cache-miss
1269 http fetch GET 200 https://registry.npmjs.org/p-limit 71ms (cache miss)
1270 silly packumentCache full:https://registry.npmjs.org/p-limit set size:undefined disposed:false
1271 silly placeDep ROOT yallist@3.1.1 OK for: lru-cache@5.1.1 want: ^3.0.2
1272 silly placeDep ROOT mime-db@1.52.0 OK for: mime-types@2.1.35 want: 1.52.0
1273 silly placeDep ROOT brace-expansion@5.0.12 OK for: minimatch@10.2.6 want: ^5.0.8
1274 silly fetch manifest balanced-match@^4.0.2
1275 silly packumentCache full:https://registry.npmjs.org/balanced-match cache-miss
1276 http fetch GET 200 https://registry.npmjs.org/balanced-match 65ms (cache miss)
1277 silly packumentCache full:https://registry.npmjs.org/balanced-match set size:undefined disposed:false
1278 silly placeDep ROOT balanced-match@4.0.4 OK for: brace-expansion@5.0.12 want: ^4.0.2
1279 silly placeDep ROOT deep-is@0.1.4 OK for: optionator@0.9.4 want: ^0.1.3
1280 silly placeDep ROOT fast-levenshtein@2.0.6 OK for: optionator@0.9.4 want: ^2.0.6
1281 silly placeDep ROOT word-wrap@1.2.5 OK for: optionator@0.9.4 want: ^1.2.5
1282 silly placeDep ROOT p-limit@3.1.0 OK for: p-locate@5.0.0 want: ^3.0.2
1283 silly fetch manifest yocto-queue@^0.1.0
1284 silly packumentCache full:https://registry.npmjs.org/yocto-queue cache-miss
1285 http fetch GET 200 https://registry.npmjs.org/yocto-queue 50ms (cache miss)
1286 silly packumentCache full:https://registry.npmjs.org/yocto-queue set size:undefined disposed:false
1287 silly placeDep ROOT yocto-queue@0.1.0 OK for: p-limit@3.1.0 want: ^0.1.0
1288 silly placeDep node_modules/qified hookified@2.2.0 OK for: qified@0.10.1 want: ^2.1.1
1289 silly placeDep ROOT scheduler@0.28.0 OK for: react-dom@19.3.0 want: ^0.28.0
1290 silly fetch manifest react@^18.0 || ^19
1291 silly packumentCache full:https://registry.npmjs.org/react cache-miss
1292 http cache https://registry.npmjs.org/react 21ms (cache hit)
1293 silly packumentCache full:https://registry.npmjs.org/react set size:7011585 disposed:false
1294 silly placeDep ROOT @types/use-sync-external-store@0.0.6 OK for: react-redux@9.3.0 want: ^0.0.6
1295 silly placeDep ROOT use-sync-external-store@1.7.0 OK for: react-redux@9.3.0 want: ^1.4.0
1296 silly fetch manifest react@>=18
1297 silly packumentCache full:https://registry.npmjs.org/react cache-miss
1298 http cache https://registry.npmjs.org/react 23ms (cache hit)
1299 silly packumentCache full:https://registry.npmjs.org/react set size:7011585 disposed:false
1300 silly fetch manifest react-dom@>=18
1301 silly packumentCache full:https://registry.npmjs.org/react-dom cache-miss
1302 http cache https://registry.npmjs.org/react-dom 46ms (cache hit)
1303 silly packumentCache full:https://registry.npmjs.org/react-dom set size:9447690 disposed:false
1304 silly placeDep ROOT react-router@7.18.4 OK for: react-router-dom@7.18.4 want: 7.18.4
1305 silly fetch manifest cookie@^1.0.1
1306 silly packumentCache full:https://registry.npmjs.org/cookie cache-miss
1307 silly fetch manifest set-cookie-parser@^2.6.0
1308 silly packumentCache full:https://registry.npmjs.org/set-cookie-parser cache-miss
1309 http fetch GET 200 https://registry.npmjs.org/cookie 67ms (cache miss)
1310 silly packumentCache full:https://registry.npmjs.org/cookie set size:undefined disposed:false
1311 http fetch GET 200 https://registry.npmjs.org/set-cookie-parser 69ms (cache miss)
1312 silly packumentCache full:https://registry.npmjs.org/set-cookie-parser set size:undefined disposed:false
1313 silly placeDep ROOT cookie@1.1.1 OK for: react-router@7.18.4 want: ^1.0.1
1314 silly placeDep ROOT set-cookie-parser@2.7.2 OK for: react-router@7.18.4 want: ^2.6.0
1315 silly placeDep ROOT shebang-regex@3.0.0 OK for: shebang-command@2.0.0 want: ^3.0.0
1316 silly placeDep ROOT escalade@3.2.0 OK for: update-browserslist-db@1.3.3 want: ^3.2.0
1317 silly placeDep ROOT punycode@2.3.1 OK for: uri-js@4.4.1 want: ^2.1.0
1318 silly placeDep ROOT fsevents@2.3.3 OK for: vite@8.3.1 want: ~2.3.3
1319 silly placeDep node_modules/vite lightningcss@1.33.0 OK for: vite@8.3.1 want: ^1.33.0
1320 silly placeDep ROOT picomatch@4.0.7 OK for: vite@8.3.1 want: ^4.0.7
1321 silly placeDep ROOT postcss@8.5.28 OK for: vite@8.3.1 want: ^8.5.28
1322 silly placeDep ROOT rolldown@1.2.12 OK for: vite@8.3.1 want: ~1.2.9
1323 silly placeDep ROOT tinyglobby@0.2.17 OK for: vite@8.3.1 want: ^0.2.17
1324 silly fetch manifest lightningcss-darwin-x64@1.33.0
1325 silly packumentCache full:https://registry.npmjs.org/lightningcss-darwin-x64 cache-miss
1326 silly fetch manifest lightningcss-linux-x64-gnu@1.33.0
1327 silly packumentCache full:https://registry.npmjs.org/lightningcss-linux-x64-gnu cache-miss
1328 silly fetch manifest lightningcss-win32-x64-msvc@1.33.0
1329 silly packumentCache full:https://registry.npmjs.org/lightningcss-win32-x64-msvc cache-miss
1330 silly fetch manifest lightningcss-win32-arm64-msvc@1.33.0
1331 silly packumentCache full:https://registry.npmjs.org/lightningcss-win32-arm64-msvc cache-miss
1332 silly fetch manifest lightningcss-darwin-arm64@1.33.0
1333 silly packumentCache full:https://registry.npmjs.org/lightningcss-darwin-arm64 cache-miss
1334 silly fetch manifest lightningcss-linux-arm64-gnu@1.33.0
1335 silly packumentCache full:https://registry.npmjs.org/lightningcss-linux-arm64-gnu cache-miss
1336 silly fetch manifest lightningcss-linux-arm-gnueabihf@1.33.0
1337 silly packumentCache full:https://registry.npmjs.org/lightningcss-linux-arm-gnueabihf cache-miss
1338 http cache https://registry.npmjs.org/lightningcss-darwin-x64 12ms (cache hit)
1339 silly packumentCache full:https://registry.npmjs.org/lightningcss-darwin-x64 set size:80374 disposed:false
1340 silly fetch manifest lightningcss-linux-arm64-musl@1.33.0
1341 silly packumentCache full:https://registry.npmjs.org/lightningcss-linux-arm64-musl cache-miss
1342 http cache https://registry.npmjs.org/lightningcss-win32-x64-msvc 13ms (cache hit)
1343 silly packumentCache full:https://registry.npmjs.org/lightningcss-win32-x64-msvc set size:81347 disposed:false
1344 silly fetch manifest lightningcss-linux-x64-musl@1.33.0
1345 silly packumentCache full:https://registry.npmjs.org/lightningcss-linux-x64-musl cache-miss
1346 http cache https://registry.npmjs.org/lightningcss-linux-x64-gnu 15ms (cache hit)
1347 silly packumentCache full:https://registry.npmjs.org/lightningcss-linux-x64-gnu set size:81819 disposed:false
1348 silly fetch manifest lightningcss-freebsd-x64@1.33.0
1349 silly packumentCache full:https://registry.npmjs.org/lightningcss-freebsd-x64 cache-miss
1350 http cache https://registry.npmjs.org/lightningcss-win32-arm64-msvc 16ms (cache hit)
1351 silly packumentCache full:https://registry.npmjs.org/lightningcss-win32-arm64-msvc set size:28346 disposed:false
1352 silly fetch manifest lightningcss-android-arm64@1.33.0
1353 silly packumentCache full:https://registry.npmjs.org/lightningcss-android-arm64 cache-miss
1354 http cache https://registry.npmjs.org/lightningcss-linux-arm64-gnu 18ms (cache hit)
1355 silly packumentCache full:https://registry.npmjs.org/lightningcss-linux-arm64-gnu set size:82397 disposed:false
1356 silly fetch manifest nanoid@^3.3.18
1357 silly packumentCache full:https://registry.npmjs.org/nanoid cache-miss
1358 http cache https://registry.npmjs.org/lightningcss-linux-arm-gnueabihf 24ms (cache hit)
1359 silly packumentCache full:https://registry.npmjs.org/lightningcss-linux-arm-gnueabihf set size:82635 disposed:false
1360 silly fetch manifest @oxc-project/types@=0.152.0
1361 silly packumentCache full:https://registry.npmjs.org/@oxc-project%2ftypes cache-miss
1362 http cache https://registry.npmjs.org/lightningcss-darwin-arm64 28ms (cache hit)
1363 silly packumentCache full:https://registry.npmjs.org/lightningcss-darwin-arm64 set size:80970 disposed:false
1364 silly fetch manifest @rolldown/binding-darwin-x64@1.2.12
1365 silly packumentCache full:https://registry.npmjs.org/@rolldown%2fbinding-darwin-x64 cache-miss
1366 http cache https://registry.npmjs.org/lightningcss-linux-x64-musl 28ms (cache hit)
1367 silly packumentCache full:https://registry.npmjs.org/lightningcss-linux-x64-musl set size:82032 disposed:false
1368 silly fetch manifest @rolldown/binding-freebsd-x64@1.2.12
1369 silly packumentCache full:https://registry.npmjs.org/@rolldown%2fbinding-freebsd-x64 cache-miss
1370 http cache https://registry.npmjs.org/lightningcss-linux-arm64-musl 31ms (cache hit)
1371 silly packumentCache full:https://registry.npmjs.org/lightningcss-linux-arm64-musl set size:82617 disposed:false
1372 silly fetch manifest @rolldown/binding-darwin-arm64@1.2.12
1373 silly packumentCache full:https://registry.npmjs.org/@rolldown%2fbinding-darwin-arm64 cache-miss
1374 http cache https://registry.npmjs.org/lightningcss-android-arm64 30ms (cache hit)
1375 silly packumentCache full:https://registry.npmjs.org/lightningcss-android-arm64 set size:9371 disposed:false
1376 silly fetch manifest @rolldown/binding-android-arm64@1.2.12
1377 silly packumentCache full:https://registry.npmjs.org/@rolldown%2fbinding-android-arm64 cache-miss
1378 http cache https://registry.npmjs.org/lightningcss-freebsd-x64 33ms (cache hit)
1379 silly packumentCache full:https://registry.npmjs.org/lightningcss-freebsd-x64 set size:44564 disposed:false
1380 silly fetch manifest @rolldown/binding-linux-x64-gnu@1.2.12
1381 silly packumentCache full:https://registry.npmjs.org/@rolldown%2fbinding-linux-x64-gnu cache-miss
1382 http fetch GET 200 https://registry.npmjs.org/@oxc-project%2ftypes 109ms (cache miss)
1383 silly packumentCache full:https://registry.npmjs.org/@oxc-project%2ftypes set size:undefined disposed:false
1384 silly fetch manifest @rolldown/binding-linux-x64-musl@1.2.12
1385 silly packumentCache full:https://registry.npmjs.org/@rolldown%2fbinding-linux-x64-musl cache-miss
1386 http fetch GET 200 https://registry.npmjs.org/@rolldown%2fbinding-android-arm64 150ms (cache miss)
1387 silly packumentCache full:https://registry.npmjs.org/@rolldown%2fbinding-android-arm64 set size:undefined disposed:false
1388 silly fetch manifest @rolldown/binding-win32-x64-msvc@1.2.12
1389 silly packumentCache full:https://registry.npmjs.org/@rolldown%2fbinding-win32-x64-msvc cache-miss
1390 http fetch GET 200 https://registry.npmjs.org/nanoid 186ms (cache miss)
1391 silly packumentCache full:https://registry.npmjs.org/nanoid set size:undefined disposed:false
1392 silly fetch manifest @rolldown/binding-linux-arm64-gnu@1.2.12
1393 silly packumentCache full:https://registry.npmjs.org/@rolldown%2fbinding-linux-arm64-gnu cache-miss
1394 http fetch GET 200 https://registry.npmjs.org/@rolldown%2fbinding-freebsd-x64 444ms (cache miss)
1395 silly packumentCache full:https://registry.npmjs.org/@rolldown%2fbinding-freebsd-x64 set size:undefined disposed:false
1396 silly fetch manifest @rolldown/binding-linux-ppc64-gnu@1.2.12
1397 silly packumentCache full:https://registry.npmjs.org/@rolldown%2fbinding-linux-ppc64-gnu cache-miss
1398 http fetch GET 200 https://registry.npmjs.org/@rolldown%2fbinding-darwin-arm64 492ms (cache miss)
1399 silly packumentCache full:https://registry.npmjs.org/@rolldown%2fbinding-darwin-arm64 set size:undefined disposed:false
1400 silly fetch manifest @rolldown/binding-linux-s390x-gnu@1.2.12
1401 silly packumentCache full:https://registry.npmjs.org/@rolldown%2fbinding-linux-s390x-gnu cache-miss
1402 http fetch GET 200 https://registry.npmjs.org/@rolldown%2fbinding-linux-x64-musl 420ms (cache miss)
1403 silly packumentCache full:https://registry.npmjs.org/@rolldown%2fbinding-linux-x64-musl set size:undefined disposed:false
1404 silly fetch manifest @rolldown/binding-android-arm-eabi@1.2.12
1405 silly packumentCache full:https://registry.npmjs.org/@rolldown%2fbinding-android-arm-eabi cache-miss
1406 http fetch GET 200 https://registry.npmjs.org/@rolldown%2fbinding-darwin-x64 573ms (cache miss)
1407 silly packumentCache full:https://registry.npmjs.org/@rolldown%2fbinding-darwin-x64 set size:undefined disposed:false
1408 silly fetch manifest @rolldown/binding-linux-arm64-musl@1.2.12
1409 silly packumentCache full:https://registry.npmjs.org/@rolldown%2fbinding-linux-arm64-musl cache-miss
1410 http fetch GET 200 https://registry.npmjs.org/@rolldown%2fbinding-linux-x64-gnu 601ms (cache miss)
1411 silly packumentCache full:https://registry.npmjs.org/@rolldown%2fbinding-linux-x64-gnu set size:undefined disposed:false
1412 silly fetch manifest @rolldown/binding-win32-arm64-msvc@1.2.12
1413 silly packumentCache full:https://registry.npmjs.org/@rolldown%2fbinding-win32-arm64-msvc cache-miss
1414 http fetch GET 200 https://registry.npmjs.org/@rolldown%2fbinding-linux-ppc64-gnu 175ms (cache miss)
1415 silly packumentCache full:https://registry.npmjs.org/@rolldown%2fbinding-linux-ppc64-gnu set size:undefined disposed:false
1416 silly fetch manifest @rolldown/binding-openharmony-arm64@1.2.12
1417 silly packumentCache full:https://registry.npmjs.org/@rolldown%2fbinding-openharmony-arm64 cache-miss
1418 http fetch GET 200 https://registry.npmjs.org/@rolldown%2fbinding-linux-s390x-gnu 141ms (cache miss)
1419 silly packumentCache full:https://registry.npmjs.org/@rolldown%2fbinding-linux-s390x-gnu set size:undefined disposed:false
1420 silly fetch manifest @rolldown/binding-linux-arm-gnueabihf@1.2.12
1421 silly packumentCache full:https://registry.npmjs.org/@rolldown%2fbinding-linux-arm-gnueabihf cache-miss
1422 http fetch GET 200 https://registry.npmjs.org/@rolldown%2fbinding-android-arm-eabi 118ms (cache miss)
1423 silly packumentCache full:https://registry.npmjs.org/@rolldown%2fbinding-android-arm-eabi set size:undefined disposed:false
1424 silly fetch manifest fdir@^6.5.0
1425 silly packumentCache full:https://registry.npmjs.org/fdir cache-miss
1426 http fetch GET 200 https://registry.npmjs.org/@rolldown%2fbinding-linux-arm64-gnu 523ms (cache miss)
1427 silly packumentCache full:https://registry.npmjs.org/@rolldown%2fbinding-linux-arm64-gnu set size:undefined disposed:false
1428 http fetch GET 200 https://registry.npmjs.org/@rolldown%2fbinding-win32-x64-msvc 551ms (cache miss)
1429 silly packumentCache full:https://registry.npmjs.org/@rolldown%2fbinding-win32-x64-msvc set size:undefined disposed:false
1430 http fetch GET 200 https://registry.npmjs.org/fdir 65ms (cache miss)
1431 silly packumentCache full:https://registry.npmjs.org/fdir set size:undefined disposed:false
1432 http fetch GET 200 https://registry.npmjs.org/@rolldown%2fbinding-linux-arm64-musl 405ms (cache miss)
1433 silly packumentCache full:https://registry.npmjs.org/@rolldown%2fbinding-linux-arm64-musl set size:undefined disposed:false
1434 http fetch GET 200 https://registry.npmjs.org/@rolldown%2fbinding-openharmony-arm64 387ms (cache miss)
1435 silly packumentCache full:https://registry.npmjs.org/@rolldown%2fbinding-openharmony-arm64 set size:undefined disposed:false
1436 http fetch GET 200 https://registry.npmjs.org/@rolldown%2fbinding-win32-arm64-msvc 518ms (cache miss)
1437 silly packumentCache full:https://registry.npmjs.org/@rolldown%2fbinding-win32-arm64-msvc set size:undefined disposed:false
1438 http fetch GET 200 https://registry.npmjs.org/@rolldown%2fbinding-linux-arm-gnueabihf 713ms (cache miss)
1439 silly packumentCache full:https://registry.npmjs.org/@rolldown%2fbinding-linux-arm-gnueabihf set size:undefined disposed:false
1440 silly placeDep ROOT nanoid@3.3.19 OK for: postcss@8.5.28 want: ^3.3.18
1441 silly placeDep ROOT @oxc-project/types@0.152.0 OK for: rolldown@1.2.12 want: =0.152.0
1442 silly placeDep ROOT @rolldown/binding-android-arm-eabi@1.2.12 OK for: rolldown@1.2.12 want: 1.2.12
1443 silly placeDep ROOT @rolldown/binding-android-arm64@1.2.12 OK for: rolldown@1.2.12 want: 1.2.12
1444 silly placeDep ROOT @rolldown/binding-darwin-arm64@1.2.12 OK for: rolldown@1.2.12 want: 1.2.12
1445 silly placeDep ROOT @rolldown/binding-darwin-x64@1.2.12 OK for: rolldown@1.2.12 want: 1.2.12
1446 silly placeDep ROOT @rolldown/binding-freebsd-x64@1.2.12 OK for: rolldown@1.2.12 want: 1.2.12
1447 silly placeDep ROOT @rolldown/binding-linux-arm-gnueabihf@1.2.12 OK for: rolldown@1.2.12 want: 1.2.12
1448 silly placeDep ROOT @rolldown/binding-linux-arm64-gnu@1.2.12 OK for: rolldown@1.2.12 want: 1.2.12
1449 silly placeDep ROOT @rolldown/binding-linux-arm64-musl@1.2.12 OK for: rolldown@1.2.12 want: 1.2.12
1450 silly placeDep ROOT @rolldown/binding-linux-ppc64-gnu@1.2.12 OK for: rolldown@1.2.12 want: 1.2.12
1451 silly placeDep ROOT @rolldown/binding-linux-s390x-gnu@1.2.12 OK for: rolldown@1.2.12 want: 1.2.12
1452 silly placeDep ROOT @rolldown/binding-linux-x64-gnu@1.2.12 OK for: rolldown@1.2.12 want: 1.2.12
1453 silly placeDep ROOT @rolldown/binding-linux-x64-musl@1.2.12 OK for: rolldown@1.2.12 want: 1.2.12
1454 silly placeDep ROOT @rolldown/binding-openharmony-arm64@1.2.12 OK for: rolldown@1.2.12 want: 1.2.12
1455 silly placeDep ROOT @rolldown/binding-win32-arm64-msvc@1.2.12 OK for: rolldown@1.2.12 want: 1.2.12
1456 silly placeDep ROOT @rolldown/binding-win32-x64-msvc@1.2.12 OK for: rolldown@1.2.12 want: 1.2.12
1457 silly fetch manifest picomatch@^4.0.4
1458 silly packumentCache full:https://registry.npmjs.org/picomatch cache-miss
1459 http cache https://registry.npmjs.org/picomatch 8ms (cache hit)
1460 silly packumentCache full:https://registry.npmjs.org/picomatch set size:134451 disposed:false
1461 silly placeDep ROOT fdir@6.5.0 OK for: tinyglobby@0.2.17 want: ^6.5.0
1462 silly placeDep ROOT isexe@2.0.0 OK for: which@2.0.2 want: ^2.0.0
1463 silly placeDep node_modules/vite lightningcss-android-arm64@1.33.0 OK for: lightningcss@1.33.0 want: 1.33.0
1464 silly placeDep node_modules/vite lightningcss-darwin-arm64@1.33.0 OK for: lightningcss@1.33.0 want: 1.33.0
1465 silly placeDep node_modules/vite lightningcss-darwin-x64@1.33.0 OK for: lightningcss@1.33.0 want: 1.33.0
1466 silly placeDep node_modules/vite lightningcss-freebsd-x64@1.33.0 OK for: lightningcss@1.33.0 want: 1.33.0
1467 silly placeDep node_modules/vite lightningcss-linux-arm-gnueabihf@1.33.0 OK for: lightningcss@1.33.0 want: 1.33.0
1468 silly placeDep node_modules/vite lightningcss-linux-arm64-gnu@1.33.0 OK for: lightningcss@1.33.0 want: 1.33.0
1469 silly placeDep node_modules/vite lightningcss-linux-arm64-musl@1.33.0 OK for: lightningcss@1.33.0 want: 1.33.0
1470 silly placeDep node_modules/vite lightningcss-linux-x64-gnu@1.33.0 OK for: lightningcss@1.33.0 want: 1.33.0
1471 silly placeDep node_modules/vite lightningcss-linux-x64-musl@1.33.0 OK for: lightningcss@1.33.0 want: 1.33.0
1472 silly placeDep node_modules/vite lightningcss-win32-arm64-msvc@1.33.0 OK for: lightningcss@1.33.0 want: 1.33.0
1473 silly placeDep node_modules/vite lightningcss-win32-x64-msvc@1.33.0 OK for: lightningcss@1.33.0 want: 1.33.0
1474 silly reify moves {}
1475 verbose reify failed optional dependency D:\E-commerce\frontend\node_modules\@tailwindcss\oxide-wasm32-wasi
1476 silly reify mark deleted [
1476 silly reify   'D:\\E-commerce\\frontend\\node_modules\\@tailwindcss\\oxide-wasm32-wasi'
1476 silly reify ]
1477 silly audit bulk request {
1477 silly audit   '@eslint/js': [ '10.0.1' ],
1477 silly audit   '@reduxjs/toolkit': [ '2.13.0' ],
1477 silly audit   '@tailwindcss/vite': [ '4.3.3' ],
1477 silly audit   vite: [ '8.3.1' ],
1477 silly audit   '@types/react': [ '19.3.0' ],
1477 silly audit   '@types/react-dom': [ '19.3.0' ],
1477 silly audit   '@vitejs/plugin-react': [ '6.1.1' ],
1477 silly audit   axios: [ '1.20.0' ],
1477 silly audit   eslint: [ '10.11.0' ],
1477 silly audit   'eslint-plugin-react-hooks': [ '7.1.1' ],
1477 silly audit   'eslint-plugin-react-refresh': [ '0.5.7' ],
1477 silly audit   globals: [ '17.13.0' ],
1477 silly audit   react: [ '19.3.0' ],
1477 silly audit   'react-dom': [ '19.3.0' ],
1477 silly audit   'react-redux': [ '9.3.0' ],
1477 silly audit   'react-router-dom': [ '7.18.4' ],
1477 silly audit   tailwindcss: [ '4.3.3' ],
1477 silly audit   '@standard-schema/spec': [ '1.1.0' ],
1477 silly audit   '@standard-schema/utils': [ '0.3.0' ],
1477 silly audit   immer: [ '11.1.18' ],
1477 silly audit   redux: [ '5.0.1' ],
1477 silly audit   'redux-thunk': [ '3.1.0' ],
1477 silly audit   reselect: [ '5.3.0' ],
1477 silly audit   '@tailwindcss/node': [ '4.3.3' ],
1477 silly audit   '@tailwindcss/oxide': [ '4.3.3' ],
1477 silly audit   '@jridgewell/remapping': [ '2.3.5' ],
1477 silly audit   'enhanced-resolve': [ '5.26.0' ],
1477 silly audit   jiti: [ '2.7.0' ],
1477 silly audit   lightningcss: [ '1.32.0', '1.33.0' ],
1477 silly audit   'magic-string': [ '0.30.21' ],
1477 silly audit   'source-map-js': [ '1.2.2' ],
1477 silly audit   '@jridgewell/gen-mapping': [ '0.3.13' ],
1477 silly audit   '@jridgewell/trace-mapping': [ '0.3.31' ],
1477 silly audit   '@jridgewell/sourcemap-codec': [ '1.6.0' ],
1477 silly audit   '@jridgewell/resolve-uri': [ '3.1.2' ],
1477 silly audit   '@tailwindcss/oxide-android-arm64': [ '4.3.3' ],
1477 silly audit   '@tailwindcss/oxide-darwin-arm64': [ '4.3.3' ],
1477 silly audit   '@tailwindcss/oxide-darwin-x64': [ '4.3.3' ],
1477 silly audit   '@tailwindcss/oxide-freebsd-x64': [ '4.3.3' ],
1477 silly audit   '@tailwindcss/oxide-linux-arm-gnueabihf': [ '4.3.3' ],
1477 silly audit   '@tailwindcss/oxide-linux-arm64-gnu': [ '4.3.3' ],
1477 silly audit   '@tailwindcss/oxide-linux-arm64-musl': [ '4.3.3' ],
1477 silly audit   '@tailwindcss/oxide-linux-x64-gnu': [ '4.3.3' ],
1477 silly audit   '@tailwindcss/oxide-linux-x64-musl': [ '4.3.3' ],
1477 silly audit   '@tailwindcss/oxide-win32-arm64-msvc': [ '4.3.3' ],
1477 silly audit   '@tailwindcss/oxide-win32-x64-msvc': [ '4.3.3' ],
1477 silly audit   csstype: [ '3.2.3' ],
1477 silly audit   '@rolldown/pluginutils': [ '1.0.1' ],
1477 silly audit   'follow-redirects': [ '1.16.0' ],
1477 silly audit   'form-data': [ '4.0.6' ],
1477 silly audit   'https-proxy-agent': [ '5.0.1' ],
1477 silly audit   'proxy-from-env': [ '2.1.0' ],
1477 silly audit   'graceful-fs': [ '4.2.11' ],
1477 silly audit   tapable: [ '2.3.3' ],
1477 silly audit   '@eslint-community/eslint-utils': [ '4.10.1' ],
1477 silly audit   '@eslint-community/regexpp': [ '4.12.2' ],
1477 silly audit   '@eslint/config-array': [ '0.23.5' ],
1477 silly audit   '@eslint/config-helpers': [ '0.7.0' ],
1477 silly audit   '@eslint/core': [ '1.2.1' ],
1477 silly audit   '@eslint/plugin-kit': [ '0.7.3' ],
1477 silly audit   '@humanfs/node': [ '0.16.8' ],
1477 silly audit   '@humanwhocodes/module-importer': [ '1.0.1' ],
1477 silly audit   '@humanwhocodes/retry': [ '0.4.3' ],
1477 silly audit   '@types/estree': [ '1.0.9' ],
1477 silly audit   ajv: [ '6.15.0' ],
1477 silly audit   'cross-spawn': [ '7.0.6' ],
1477 silly audit   debug: [ '4.4.3' ],
1477 silly audit   'escape-string-regexp': [ '4.0.0' ],
1477 silly audit   'eslint-scope': [ '9.1.2' ],
1477 silly audit   'eslint-visitor-keys': [ '5.0.1', '3.4.3' ],
1477 silly audit   espree: [ '11.2.0' ],
1477 silly audit   esquery: [ '1.7.0' ],
1477 silly audit   esutils: [ '2.0.3' ],
1477 silly audit   'fast-deep-equal': [ '3.1.3' ],
1477 silly audit   'file-entry-cache': [ '11.1.5' ],
1477 silly audit   'find-up': [ '5.0.0' ],
1477 silly audit   'glob-parent': [ '6.0.2' ],
1477 silly audit   ignore: [ '5.3.2' ],
1477 silly audit   imurmurhash: [ '0.1.4' ],
1477 silly audit   'is-glob': [ '4.0.3' ],
1477 silly audit   'json-stable-stringify-without-jsonify': [ '1.0.1' ],
1477 silly audit   minimatch: [ '10.2.6' ],
1477 silly audit   'natural-compare': [ '1.4.0' ],
1477 silly audit   optionator: [ '0.9.4' ],
1477 silly audit   '@eslint/object-schema': [ '3.0.5' ],
1477 silly audit   '@types/json-schema': [ '7.0.15' ],
1477 silly audit   levn: [ '0.4.1' ],
1477 silly audit   '@humanfs/core': [ '0.19.2' ],
1477 silly audit   '@humanfs/types': [ '0.15.0' ],
1477 silly audit   'fast-json-stable-stringify': [ '2.1.0' ],
1477 silly audit   'json-schema-traverse': [ '0.4.1' ],
1477 silly audit   'uri-js': [ '4.4.1' ],
1477 silly audit   'path-key': [ '3.1.1' ],
1477 silly audit   'shebang-command': [ '2.0.0' ],
1477 silly audit   which: [ '2.0.2' ],
1477 silly audit   ms: [ '2.1.3' ],
1477 silly audit   '@babel/core': [ '7.29.7' ],
1477 silly audit   '@babel/parser': [ '7.29.9' ],
1477 silly audit   'hermes-parser': [ '0.25.1' ],
1477 silly audit   zod: [ '4.6.5' ],
1477 silly audit   'zod-validation-error': [ '4.0.2' ],
1477 silly audit   '@babel/code-frame': [ '7.29.7' ],
1477 silly audit   '@babel/generator': [ '7.29.8' ],
1477 silly audit   '@babel/helper-compilation-targets': [ '7.29.7' ],
1477 silly audit   '@babel/helper-module-transforms': [ '7.29.7' ],
1477 silly audit   '@babel/helpers': [ '7.29.7' ],
1477 silly audit   '@babel/template': [ '7.29.7' ],
1477 silly audit   '@babel/traverse': [ '7.29.8' ],
1477 silly audit   '@babel/types': [ '7.29.8' ],
1477 silly audit   'convert-source-map': [ '2.0.0' ],
1477 silly audit   gensync: [ '1.0.0-beta.2' ],
1477 silly audit   json5: [ '2.2.3' ],
1477 silly audit   semver: [ '6.3.1' ],
1477 silly audit   '@babel/helper-validator-identifier': [ '7.29.7' ],
1477 silly audit   'js-tokens': [ '4.0.0' ],
1477 silly audit   picocolors: [ '1.1.1' ],
1477 silly audit   jsesc: [ '3.1.0' ],
1477 silly audit   '@babel/compat-data': [ '7.29.7' ],
1477 silly audit   '@babel/helper-validator-option': [ '7.29.7' ],
1477 silly audit   browserslist: [ '4.29.3' ],
1477 silly audit   'lru-cache': [ '5.1.1' ],
1477 silly audit   '@babel/helper-module-imports': [ '7.29.7' ],
1477 silly audit   '@babel/helper-globals': [ '7.29.7' ],
1477 silly audit   '@babel/helper-string-parser': [ '7.29.7' ],
1477 silly audit   'baseline-browser-mapping': [ '2.11.26' ],
1477 silly audit   'caniuse-lite': [ '1.0.30001814' ],
1477 silly audit   'electron-to-chromium': [ '1.5.443' ],
1477 silly audit   'node-releases': [ '2.0.57' ],
1477 silly audit   'update-browserslist-db': [ '1.3.3' ],
1477 silly audit   '@types/esrecurse': [ '4.3.1' ],
1477 silly audit   esrecurse: [ '4.3.0' ],
1477 silly audit   estraverse: [ '5.3.0' ],
1477 silly audit   acorn: [ '8.18.0' ],
1477 silly audit   'acorn-jsx': [ '5.3.2' ],
1477 silly audit   'flat-cache': [ '6.1.23' ],
1477 silly audit   'locate-path': [ '6.0.0' ],
1477 silly audit   'path-exists': [ '4.0.0' ],
1477 silly audit   cacheable: [ '2.5.0' ],
1477 silly audit   flatted: [ '3.4.4' ],
1477 silly audit   hookified: [ '1.15.1', '2.2.0' ],
1477 silly audit   '@cacheable/memory': [ '2.2.0' ],
1477 silly audit   '@cacheable/utils': [ '2.5.0' ],
1477 silly audit   keyv: [ '5.6.0' ],
1477 silly audit   qified: [ '0.10.1' ],
1477 silly audit   '@keyv/bigmap': [ '1.3.1' ],
1477 silly audit   hashery: [ '1.5.1' ],
1477 silly audit   asynckit: [ '0.4.0' ],
1477 silly audit   'combined-stream': [ '1.0.8' ],
1477 silly audit   'es-set-tostringtag': [ '2.1.0' ],
1477 silly audit   hasown: [ '2.0.4' ],
1477 silly audit   'mime-types': [ '2.1.35' ],
1477 silly audit   'delayed-stream': [ '1.0.0' ],
1477 silly audit   'es-errors': [ '1.3.0' ],
1477 silly audit   'get-intrinsic': [ '1.3.0' ],
1477 silly audit   'has-tostringtag': [ '1.0.2' ],
1477 silly audit   'call-bind-apply-helpers': [ '1.0.2' ],
1477 silly audit   'es-define-property': [ '1.0.1' ],
1477 silly audit   'es-object-atoms': [ '1.1.2' ],
1477 silly audit   'function-bind': [ '1.1.2' ],
1477 silly audit   'get-proto': [ '1.0.1' ],
1477 silly audit   gopd: [ '1.2.0' ],
1477 silly audit   'has-symbols': [ '1.1.0' ],
1477 silly audit   'math-intrinsics': [ '1.1.0' ],
1477 silly audit   'dunder-proto': [ '1.0.1' ],
1477 silly audit   'hermes-estree': [ '0.25.1' ],
1477 silly audit   'agent-base': [ '6.0.2' ],
1477 silly audit   'is-extglob': [ '2.1.1' ],
1477 silly audit   '@keyv/serialize': [ '1.1.1' ],
1477 silly audit   'prelude-ls': [ '1.2.1' ],
1477 silly audit   'type-check': [ '0.4.0' ],
1477 silly audit   'detect-libc': [ '2.1.2' ],
1477 silly audit   'lightningcss-android-arm64': [ '1.32.0', '1.33.0' ],
1477 silly audit   'lightningcss-darwin-arm64': [ '1.32.0', '1.33.0' ],
1477 silly audit   'lightningcss-darwin-x64': [ '1.32.0', '1.33.0' ],
1477 silly audit   'lightningcss-freebsd-x64': [ '1.32.0', '1.33.0' ],
1477 silly audit   'lightningcss-linux-arm-gnueabihf': [ '1.32.0', '1.33.0' ],
1477 silly audit   'lightningcss-linux-arm64-gnu': [ '1.32.0', '1.33.0' ],
1477 silly audit   'lightningcss-linux-arm64-musl': [ '1.32.0', '1.33.0' ],
1477 silly audit   'lightningcss-linux-x64-gnu': [ '1.32.0', '1.33.0' ],
1477 silly audit   'lightningcss-linux-x64-musl': [ '1.32.0', '1.33.0' ],
1477 silly audit   'lightningcss-win32-arm64-msvc': [ '1.32.0', '1.33.0' ],
1477 silly audit   'lightningcss-win32-x64-msvc': [ '1.32.0', '1.33.0' ],
1477 silly audit   'p-locate': [ '5.0.0' ],
1477 silly audit   yallist: [ '3.1.1' ],
1477 silly audit   'mime-db': [ '1.52.0' ],
1477 silly audit   'brace-expansion': [ '5.0.12' ],
1477 silly audit   'balanced-match': [ '4.0.4' ],
1477 silly audit   'deep-is': [ '0.1.4' ],
1477 silly audit   'fast-levenshtein': [ '2.0.6' ],
1477 silly audit   'word-wrap': [ '1.2.5' ],
1477 silly audit   'p-limit': [ '3.1.0' ],
1477 silly audit   'yocto-queue': [ '0.1.0' ],
1477 silly audit   scheduler: [ '0.28.0' ],
1477 silly audit   '@types/use-sync-external-store': [ '0.0.6' ],
1477 silly audit   'use-sync-external-store': [ '1.7.0' ],
1477 silly audit   'react-router': [ '7.18.4' ],
1477 silly audit   cookie: [ '1.1.1' ],
1477 silly audit   'set-cookie-parser': [ '2.7.2' ],
1477 silly audit   'shebang-regex': [ '3.0.0' ],
1477 silly audit   escalade: [ '3.2.0' ],
1477 silly audit   punycode: [ '2.3.1' ],
1477 silly audit   fsevents: [ '2.3.3' ],
1477 silly audit   picomatch: [ '4.0.7' ],
1477 silly audit   postcss: [ '8.5.28' ],
1477 silly audit   rolldown: [ '1.2.12' ],
1477 silly audit   tinyglobby: [ '0.2.17' ],
1477 silly audit   nanoid: [ '3.3.19' ],
1477 silly audit   '@oxc-project/types': [ '0.152.0' ],
1477 silly audit   '@rolldown/binding-android-arm-eabi': [ '1.2.12' ],
1477 silly audit   '@rolldown/binding-android-arm64': [ '1.2.12' ],
1477 silly audit   '@rolldown/binding-darwin-arm64': [ '1.2.12' ],
1477 silly audit   '@rolldown/binding-darwin-x64': [ '1.2.12' ],
1477 silly audit   '@rolldown/binding-freebsd-x64': [ '1.2.12' ],
1477 silly audit   '@rolldown/binding-linux-arm-gnueabihf': [ '1.2.12' ],
1477 silly audit   '@rolldown/binding-linux-arm64-gnu': [ '1.2.12' ],
1477 silly audit   '@rolldown/binding-linux-arm64-musl': [ '1.2.12' ],
1477 silly audit   '@rolldown/binding-linux-ppc64-gnu': [ '1.2.12' ],
1477 silly audit   '@rolldown/binding-linux-s390x-gnu': [ '1.2.12' ],
1477 silly audit   '@rolldown/binding-linux-x64-gnu': [ '1.2.12' ],
1477 silly audit   '@rolldown/binding-linux-x64-musl': [ '1.2.12' ],
1477 silly audit   '@rolldown/binding-openharmony-arm64': [ '1.2.12' ],
1477 silly audit   '@rolldown/binding-win32-arm64-msvc': [ '1.2.12' ],
1477 silly audit   '@rolldown/binding-win32-x64-msvc': [ '1.2.12' ],
1477 silly audit   fdir: [ '6.5.0' ],
1477 silly audit   isexe: [ '2.0.0' ],
1477 silly audit   '@tailwindcss/oxide-wasm32-wasi': [ '4.3.3' ]
1477 silly audit }
1478 verbose reify failed optional dependency D:\E-commerce\frontend\node_modules\@rolldown\binding-win32-arm64-msvc
1479 silly reify mark deleted [
1479 silly reify   'D:\\E-commerce\\frontend\\node_modules\\@rolldown\\binding-win32-arm64-msvc'
1479 silly reify ]
1480 verbose reify failed optional dependency D:\E-commerce\frontend\node_modules\@rolldown\binding-openharmony-arm64
1481 silly reify mark deleted [
1481 silly reify   'D:\\E-commerce\\frontend\\node_modules\\@rolldown\\binding-openharmony-arm64'
1481 silly reify ]
1482 verbose reify failed optional dependency D:\E-commerce\frontend\node_modules\@rolldown\binding-linux-x64-musl
1483 silly reify mark deleted [
1483 silly reify   'D:\\E-commerce\\frontend\\node_modules\\@rolldown\\binding-linux-x64-musl'
1483 silly reify ]
1484 verbose reify failed optional dependency D:\E-commerce\frontend\node_modules\@rolldown\binding-linux-x64-gnu
1485 silly reify mark deleted [
1485 silly reify   'D:\\E-commerce\\frontend\\node_modules\\@rolldown\\binding-linux-x64-gnu'
1485 silly reify ]
1486 verbose reify failed optional dependency D:\E-commerce\frontend\node_modules\@rolldown\binding-linux-s390x-gnu
1487 silly reify mark deleted [
1487 silly reify   'D:\\E-commerce\\frontend\\node_modules\\@rolldown\\binding-linux-s390x-gnu'
1487 silly reify ]
1488 verbose reify failed optional dependency D:\E-commerce\frontend\node_modules\@rolldown\binding-linux-ppc64-gnu
1489 silly reify mark deleted [
1489 silly reify   'D:\\E-commerce\\frontend\\node_modules\\@rolldown\\binding-linux-ppc64-gnu'
1489 silly reify ]
1490 verbose reify failed optional dependency D:\E-commerce\frontend\node_modules\@rolldown\binding-linux-arm64-musl
1491 silly reify mark deleted [
1491 silly reify   'D:\\E-commerce\\frontend\\node_modules\\@rolldown\\binding-linux-arm64-musl'
1491 silly reify ]
1492 verbose reify failed optional dependency D:\E-commerce\frontend\node_modules\@rolldown\binding-linux-arm64-gnu
1493 silly reify mark deleted [
1493 silly reify   'D:\\E-commerce\\frontend\\node_modules\\@rolldown\\binding-linux-arm64-gnu'
1493 silly reify ]
1494 verbose reify failed optional dependency D:\E-commerce\frontend\node_modules\@rolldown\binding-linux-arm-gnueabihf
1495 silly reify mark deleted [
1495 silly reify   'D:\\E-commerce\\frontend\\node_modules\\@rolldown\\binding-linux-arm-gnueabihf'
1495 silly reify ]
1496 verbose reify failed optional dependency D:\E-commerce\frontend\node_modules\@rolldown\binding-freebsd-x64
1497 silly reify mark deleted [
1497 silly reify   'D:\\E-commerce\\frontend\\node_modules\\@rolldown\\binding-freebsd-x64'
1497 silly reify ]
1498 verbose reify failed optional dependency D:\E-commerce\frontend\node_modules\@rolldown\binding-darwin-x64
1499 silly reify mark deleted [
1499 silly reify   'D:\\E-commerce\\frontend\\node_modules\\@rolldown\\binding-darwin-x64'
1499 silly reify ]
1500 verbose reify failed optional dependency D:\E-commerce\frontend\node_modules\@rolldown\binding-darwin-arm64
1501 silly reify mark deleted [
1501 silly reify   'D:\\E-commerce\\frontend\\node_modules\\@rolldown\\binding-darwin-arm64'
1501 silly reify ]
1502 verbose reify failed optional dependency D:\E-commerce\frontend\node_modules\@rolldown\binding-android-arm64
1503 silly reify mark deleted [
1503 silly reify   'D:\\E-commerce\\frontend\\node_modules\\@rolldown\\binding-android-arm64'
1503 silly reify ]
1504 verbose reify failed optional dependency D:\E-commerce\frontend\node_modules\@rolldown\binding-android-arm-eabi
1505 silly reify mark deleted [
1505 silly reify   'D:\\E-commerce\\frontend\\node_modules\\@rolldown\\binding-android-arm-eabi'
1505 silly reify ]
1506 verbose reify failed optional dependency D:\E-commerce\frontend\node_modules\fsevents
1507 silly reify mark deleted [ 'D:\\E-commerce\\frontend\\node_modules\\fsevents' ]
1508 verbose reify failed optional dependency D:\E-commerce\frontend\node_modules\lightningcss-win32-arm64-msvc
1509 silly reify mark deleted [
1509 silly reify   'D:\\E-commerce\\frontend\\node_modules\\lightningcss-win32-arm64-msvc'
1509 silly reify ]
1510 verbose reify failed optional dependency D:\E-commerce\frontend\node_modules\lightningcss-linux-x64-musl
1511 silly reify mark deleted [
1511 silly reify   'D:\\E-commerce\\frontend\\node_modules\\lightningcss-linux-x64-musl'
1511 silly reify ]
1512 verbose reify failed optional dependency D:\E-commerce\frontend\node_modules\lightningcss-linux-x64-gnu
1513 silly reify mark deleted [
1513 silly reify   'D:\\E-commerce\\frontend\\node_modules\\lightningcss-linux-x64-gnu'
1513 silly reify ]
1514 verbose reify failed optional dependency D:\E-commerce\frontend\node_modules\lightningcss-linux-arm64-musl
1515 silly reify mark deleted [
1515 silly reify   'D:\\E-commerce\\frontend\\node_modules\\lightningcss-linux-arm64-musl'
1515 silly reify ]
1516 verbose reify failed optional dependency D:\E-commerce\frontend\node_modules\lightningcss-linux-arm64-gnu
1517 silly reify mark deleted [
1517 silly reify   'D:\\E-commerce\\frontend\\node_modules\\lightningcss-linux-arm64-gnu'
1517 silly reify ]
1518 verbose reify failed optional dependency D:\E-commerce\frontend\node_modules\lightningcss-linux-arm-gnueabihf
1519 silly reify mark deleted [
1519 silly reify   'D:\\E-commerce\\frontend\\node_modules\\lightningcss-linux-arm-gnueabihf'
1519 silly reify ]
1520 verbose reify failed optional dependency D:\E-commerce\frontend\node_modules\lightningcss-freebsd-x64
1521 silly reify mark deleted [ 'D:\\E-commerce\\frontend\\node_modules\\lightningcss-freebsd-x64' ]
1522 verbose reify failed optional dependency D:\E-commerce\frontend\node_modules\lightningcss-darwin-x64
1523 silly reify mark deleted [ 'D:\\E-commerce\\frontend\\node_modules\\lightningcss-darwin-x64' ]
1524 verbose reify failed optional dependency D:\E-commerce\frontend\node_modules\lightningcss-darwin-arm64
1525 silly reify mark deleted [ 'D:\\E-commerce\\frontend\\node_modules\\lightningcss-darwin-arm64' ]
1526 verbose reify failed optional dependency D:\E-commerce\frontend\node_modules\lightningcss-android-arm64
1527 silly reify mark deleted [
1527 silly reify   'D:\\E-commerce\\frontend\\node_modules\\lightningcss-android-arm64'
1527 silly reify ]
1528 verbose reify failed optional dependency D:\E-commerce\frontend\node_modules\@tailwindcss\oxide-win32-arm64-msvc
1529 silly reify mark deleted [
1529 silly reify   'D:\\E-commerce\\frontend\\node_modules\\@tailwindcss\\oxide-win32-arm64-msvc'
1529 silly reify ]
1530 verbose reify failed optional dependency D:\E-commerce\frontend\node_modules\@tailwindcss\oxide-linux-x64-musl
1531 silly reify mark deleted [
1531 silly reify   'D:\\E-commerce\\frontend\\node_modules\\@tailwindcss\\oxide-linux-x64-musl'
1531 silly reify ]
1532 verbose reify failed optional dependency D:\E-commerce\frontend\node_modules\@tailwindcss\oxide-linux-x64-gnu
1533 silly reify mark deleted [
1533 silly reify   'D:\\E-commerce\\frontend\\node_modules\\@tailwindcss\\oxide-linux-x64-gnu'
1533 silly reify ]
1534 verbose reify failed optional dependency D:\E-commerce\frontend\node_modules\@tailwindcss\oxide-linux-arm64-musl
1535 silly reify mark deleted [
1535 silly reify   'D:\\E-commerce\\frontend\\node_modules\\@tailwindcss\\oxide-linux-arm64-musl'
1535 silly reify ]
1536 verbose reify failed optional dependency D:\E-commerce\frontend\node_modules\@tailwindcss\oxide-linux-arm64-gnu
1537 silly reify mark deleted [
1537 silly reify   'D:\\E-commerce\\frontend\\node_modules\\@tailwindcss\\oxide-linux-arm64-gnu'
1537 silly reify ]
1538 verbose reify failed optional dependency D:\E-commerce\frontend\node_modules\@tailwindcss\oxide-linux-arm-gnueabihf
1539 silly reify mark deleted [
1539 silly reify   'D:\\E-commerce\\frontend\\node_modules\\@tailwindcss\\oxide-linux-arm-gnueabihf'
1539 silly reify ]
1540 verbose reify failed optional dependency D:\E-commerce\frontend\node_modules\@tailwindcss\oxide-freebsd-x64
1541 silly reify mark deleted [
1541 silly reify   'D:\\E-commerce\\frontend\\node_modules\\@tailwindcss\\oxide-freebsd-x64'
1541 silly reify ]
1542 verbose reify failed optional dependency D:\E-commerce\frontend\node_modules\@tailwindcss\oxide-darwin-x64
1543 silly reify mark deleted [
1543 silly reify   'D:\\E-commerce\\frontend\\node_modules\\@tailwindcss\\oxide-darwin-x64'
1543 silly reify ]
1544 verbose reify failed optional dependency D:\E-commerce\frontend\node_modules\@tailwindcss\oxide-darwin-arm64
1545 silly reify mark deleted [
1545 silly reify   'D:\\E-commerce\\frontend\\node_modules\\@tailwindcss\\oxide-darwin-arm64'
1545 silly reify ]
1546 verbose reify failed optional dependency D:\E-commerce\frontend\node_modules\@tailwindcss\oxide-android-arm64
1547 silly reify mark deleted [
1547 silly reify   'D:\\E-commerce\\frontend\\node_modules\\@tailwindcss\\oxide-android-arm64'
1547 silly reify ]
1548 verbose reify failed optional dependency D:\E-commerce\frontend\node_modules\vite\node_modules\lightningcss-win32-arm64-msvc
1549 silly reify mark deleted [
1549 silly reify   'D:\\E-commerce\\frontend\\node_modules\\vite\\node_modules\\lightningcss-win32-arm64-msvc'
1549 silly reify ]
1550 verbose reify failed optional dependency D:\E-commerce\frontend\node_modules\vite\node_modules\lightningcss-linux-x64-musl
1551 silly reify mark deleted [
1551 silly reify   'D:\\E-commerce\\frontend\\node_modules\\vite\\node_modules\\lightningcss-linux-x64-musl'
1551 silly reify ]
1552 verbose reify failed optional dependency D:\E-commerce\frontend\node_modules\vite\node_modules\lightningcss-linux-x64-gnu
1553 silly reify mark deleted [
1553 silly reify   'D:\\E-commerce\\frontend\\node_modules\\vite\\node_modules\\lightningcss-linux-x64-gnu'
1553 silly reify ]
1554 verbose reify failed optional dependency D:\E-commerce\frontend\node_modules\vite\node_modules\lightningcss-linux-arm64-musl
1555 silly reify mark deleted [
1555 silly reify   'D:\\E-commerce\\frontend\\node_modules\\vite\\node_modules\\lightningcss-linux-arm64-musl'
1555 silly reify ]
1556 verbose reify failed optional dependency D:\E-commerce\frontend\node_modules\vite\node_modules\lightningcss-linux-arm64-gnu
1557 silly reify mark deleted [
1557 silly reify   'D:\\E-commerce\\frontend\\node_modules\\vite\\node_modules\\lightningcss-linux-arm64-gnu'
1557 silly reify ]
1558 verbose reify failed optional dependency D:\E-commerce\frontend\node_modules\vite\node_modules\lightningcss-linux-arm-gnueabihf
1559 silly reify mark deleted [
1559 silly reify   'D:\\E-commerce\\frontend\\node_modules\\vite\\node_modules\\lightningcss-linux-arm-gnueabihf'
1559 silly reify ]
1560 verbose reify failed optional dependency D:\E-commerce\frontend\node_modules\vite\node_modules\lightningcss-freebsd-x64
1561 silly reify mark deleted [
1561 silly reify   'D:\\E-commerce\\frontend\\node_modules\\vite\\node_modules\\lightningcss-freebsd-x64'
1561 silly reify ]
1562 verbose reify failed optional dependency D:\E-commerce\frontend\node_modules\vite\node_modules\lightningcss-darwin-x64
1563 silly reify mark deleted [
1563 silly reify   'D:\\E-commerce\\frontend\\node_modules\\vite\\node_modules\\lightningcss-darwin-x64'
1563 silly reify ]
1564 verbose reify failed optional dependency D:\E-commerce\frontend\node_modules\vite\node_modules\lightningcss-darwin-arm64
1565 silly reify mark deleted [
1565 silly reify   'D:\\E-commerce\\frontend\\node_modules\\vite\\node_modules\\lightningcss-darwin-arm64'
1565 silly reify ]
1566 verbose reify failed optional dependency D:\E-commerce\frontend\node_modules\vite\node_modules\lightningcss-android-arm64
1567 silly reify mark deleted [
1567 silly reify   'D:\\E-commerce\\frontend\\node_modules\\vite\\node_modules\\lightningcss-android-arm64'
1567 silly reify ]
1568 http cache @oxc-project/types@https://registry.npmjs.org/@oxc-project/types/-/types-0.152.0.tgz 1ms (cache hit)
1569 http cache @rolldown/binding-win32-x64-msvc@https://registry.npmjs.org/@rolldown/binding-win32-x64-msvc/-/binding-win32-x64-msvc-1.2.12.tgz 0ms (cache hit)
1570 http cache fdir@https://registry.npmjs.org/fdir/-/fdir-6.5.0.tgz 0ms (cache hit)
1571 http cache isexe@https://registry.npmjs.org/isexe/-/isexe-2.0.0.tgz 1ms (cache hit)
1572 http cache tinyglobby@https://registry.npmjs.org/tinyglobby/-/tinyglobby-0.2.17.tgz 0ms (cache hit)
1573 http cache nanoid@https://registry.npmjs.org/nanoid/-/nanoid-3.3.19.tgz 0ms (cache hit)
1574 http cache rolldown@https://registry.npmjs.org/rolldown/-/rolldown-1.2.12.tgz 0ms (cache hit)
1575 http cache picomatch@https://registry.npmjs.org/picomatch/-/picomatch-4.0.7.tgz 0ms (cache hit)
1576 http cache punycode@https://registry.npmjs.org/punycode/-/punycode-2.3.1.tgz 0ms (cache hit)
1577 http cache escalade@https://registry.npmjs.org/escalade/-/escalade-3.2.0.tgz 0ms (cache hit)
1578 http cache postcss@https://registry.npmjs.org/postcss/-/postcss-8.5.28.tgz 0ms (cache hit)
1579 http cache cookie@https://registry.npmjs.org/cookie/-/cookie-1.1.1.tgz 0ms (cache hit)
1580 http cache shebang-regex@https://registry.npmjs.org/shebang-regex/-/shebang-regex-3.0.0.tgz 0ms (cache hit)
1581 http cache set-cookie-parser@https://registry.npmjs.org/set-cookie-parser/-/set-cookie-parser-2.7.2.tgz 0ms (cache hit)
1582 http cache react-router@https://registry.npmjs.org/react-router/-/react-router-7.18.4.tgz 0ms (cache hit)
1583 http cache scheduler@https://registry.npmjs.org/scheduler/-/scheduler-0.28.0.tgz 0ms (cache hit)
1584 http cache yocto-queue@https://registry.npmjs.org/yocto-queue/-/yocto-queue-0.1.0.tgz 0ms (cache hit)
1585 http cache @types/use-sync-external-store@https://registry.npmjs.org/@types/use-sync-external-store/-/use-sync-external-store-0.0.6.tgz 0ms (cache hit)
1586 http cache use-sync-external-store@https://registry.npmjs.org/use-sync-external-store/-/use-sync-external-store-1.7.0.tgz 0ms (cache hit)
1587 http cache word-wrap@https://registry.npmjs.org/word-wrap/-/word-wrap-1.2.5.tgz 0ms (cache hit)
1588 http cache deep-is@https://registry.npmjs.org/deep-is/-/deep-is-0.1.4.tgz 0ms (cache hit)
1589 http cache p-limit@https://registry.npmjs.org/p-limit/-/p-limit-3.1.0.tgz 0ms (cache hit)
1590 http cache fast-levenshtein@https://registry.npmjs.org/fast-levenshtein/-/fast-levenshtein-2.0.6.tgz 0ms (cache hit)
1591 http cache brace-expansion@https://registry.npmjs.org/brace-expansion/-/brace-expansion-5.0.12.tgz 0ms (cache hit)
1592 http cache mime-db@https://registry.npmjs.org/mime-db/-/mime-db-1.52.0.tgz 0ms (cache hit)
1593 http cache yallist@https://registry.npmjs.org/yallist/-/yallist-3.1.1.tgz 0ms (cache hit)
1594 http cache p-locate@https://registry.npmjs.org/p-locate/-/p-locate-5.0.0.tgz 0ms (cache hit)
1595 http cache lightningcss-win32-x64-msvc@https://registry.npmjs.org/lightningcss-win32-x64-msvc/-/lightningcss-win32-x64-msvc-1.32.0.tgz 0ms (cache hit)
1596 http cache detect-libc@https://registry.npmjs.org/detect-libc/-/detect-libc-2.1.2.tgz 0ms (cache hit)
1597 http cache balanced-match@https://registry.npmjs.org/balanced-match/-/balanced-match-4.0.4.tgz 0ms (cache hit)
1598 http cache prelude-ls@https://registry.npmjs.org/prelude-ls/-/prelude-ls-1.2.1.tgz 0ms (cache hit)
1599 http cache type-check@https://registry.npmjs.org/type-check/-/type-check-0.4.0.tgz 0ms (cache hit)
1600 http cache is-extglob@https://registry.npmjs.org/is-extglob/-/is-extglob-2.1.1.tgz 0ms (cache hit)
1601 http cache @keyv/serialize@https://registry.npmjs.org/@keyv/serialize/-/serialize-1.1.1.tgz 0ms (cache hit)
1602 http cache agent-base@https://registry.npmjs.org/agent-base/-/agent-base-6.0.2.tgz 0ms (cache hit)
1603 http cache hermes-estree@https://registry.npmjs.org/hermes-estree/-/hermes-estree-0.25.1.tgz 1ms (cache hit)
1604 http cache math-intrinsics@https://registry.npmjs.org/math-intrinsics/-/math-intrinsics-1.1.0.tgz 0ms (cache hit)
1605 http cache dunder-proto@https://registry.npmjs.org/dunder-proto/-/dunder-proto-1.0.1.tgz 0ms (cache hit)
1606 http cache has-symbols@https://registry.npmjs.org/has-symbols/-/has-symbols-1.1.0.tgz 1ms (cache hit)
1607 http cache gopd@https://registry.npmjs.org/gopd/-/gopd-1.2.0.tgz 0ms (cache hit)
1608 http cache es-object-atoms@https://registry.npmjs.org/es-object-atoms/-/es-object-atoms-1.1.2.tgz 1ms (cache hit)
1609 http cache function-bind@https://registry.npmjs.org/function-bind/-/function-bind-1.1.2.tgz 0ms (cache hit)
1610 http cache es-define-property@https://registry.npmjs.org/es-define-property/-/es-define-property-1.0.1.tgz 0ms (cache hit)
1611 http cache has-tostringtag@https://registry.npmjs.org/has-tostringtag/-/has-tostringtag-1.0.2.tgz 0ms (cache hit)
1612 http cache call-bind-apply-helpers@https://registry.npmjs.org/call-bind-apply-helpers/-/call-bind-apply-helpers-1.0.2.tgz 0ms (cache hit)
1613 http cache get-intrinsic@https://registry.npmjs.org/get-intrinsic/-/get-intrinsic-1.3.0.tgz 0ms (cache hit)
1614 http cache es-errors@https://registry.npmjs.org/es-errors/-/es-errors-1.3.0.tgz 0ms (cache hit)
1615 http cache delayed-stream@https://registry.npmjs.org/delayed-stream/-/delayed-stream-1.0.0.tgz 0ms (cache hit)
1616 http cache mime-types@https://registry.npmjs.org/mime-types/-/mime-types-2.1.35.tgz 0ms (cache hit)
1617 http cache es-set-tostringtag@https://registry.npmjs.org/es-set-tostringtag/-/es-set-tostringtag-2.1.0.tgz 0ms (cache hit)
1618 http cache hasown@https://registry.npmjs.org/hasown/-/hasown-2.0.4.tgz 0ms (cache hit)
1619 http cache combined-stream@https://registry.npmjs.org/combined-stream/-/combined-stream-1.0.8.tgz 0ms (cache hit)
1620 http cache hashery@https://registry.npmjs.org/hashery/-/hashery-1.5.1.tgz 0ms (cache hit)
1621 http cache asynckit@https://registry.npmjs.org/asynckit/-/asynckit-0.4.0.tgz 0ms (cache hit)
1622 http cache @keyv/bigmap@https://registry.npmjs.org/@keyv/bigmap/-/bigmap-1.3.1.tgz 0ms (cache hit)
1623 http cache qified@https://registry.npmjs.org/qified/-/qified-0.10.1.tgz 0ms (cache hit)
1624 http cache keyv@https://registry.npmjs.org/keyv/-/keyv-5.6.0.tgz 0ms (cache hit)
1625 http cache @cacheable/utils@https://registry.npmjs.org/@cacheable/utils/-/utils-2.5.0.tgz 0ms (cache hit)
1626 http cache get-proto@https://registry.npmjs.org/get-proto/-/get-proto-1.0.1.tgz 1ms (cache hit)
1627 http cache @cacheable/memory@https://registry.npmjs.org/@cacheable/memory/-/memory-2.2.0.tgz 0ms (cache hit)
1628 http cache hookified@https://registry.npmjs.org/hookified/-/hookified-1.15.1.tgz 0ms (cache hit)
1629 http cache flatted@https://registry.npmjs.org/flatted/-/flatted-3.4.4.tgz 0ms (cache hit)
1630 http cache cacheable@https://registry.npmjs.org/cacheable/-/cacheable-2.5.0.tgz 0ms (cache hit)
1631 http cache path-exists@https://registry.npmjs.org/path-exists/-/path-exists-4.0.0.tgz 0ms (cache hit)
1632 http cache locate-path@https://registry.npmjs.org/locate-path/-/locate-path-6.0.0.tgz 1ms (cache hit)
1633 http cache estraverse@https://registry.npmjs.org/estraverse/-/estraverse-5.3.0.tgz 0ms (cache hit)
1634 http cache acorn@https://registry.npmjs.org/acorn/-/acorn-8.18.0.tgz 0ms (cache hit)
1635 http cache flat-cache@https://registry.npmjs.org/flat-cache/-/flat-cache-6.1.23.tgz 0ms (cache hit)
1636 http cache @types/esrecurse@https://registry.npmjs.org/@types/esrecurse/-/esrecurse-4.3.1.tgz 0ms (cache hit)
1637 http cache esrecurse@https://registry.npmjs.org/esrecurse/-/esrecurse-4.3.0.tgz 0ms (cache hit)
1638 http cache update-browserslist-db@https://registry.npmjs.org/update-browserslist-db/-/update-browserslist-db-1.3.3.tgz 0ms (cache hit)
1639 http cache node-releases@https://registry.npmjs.org/node-releases/-/node-releases-2.0.57.tgz 0ms (cache hit)
1640 http cache caniuse-lite@https://registry.npmjs.org/caniuse-lite/-/caniuse-lite-1.0.30001814.tgz 0ms (cache hit)
1641 http cache electron-to-chromium@https://registry.npmjs.org/electron-to-chromium/-/electron-to-chromium-1.5.443.tgz 0ms (cache hit)
1642 http cache baseline-browser-mapping@https://registry.npmjs.org/baseline-browser-mapping/-/baseline-browser-mapping-2.11.26.tgz 0ms (cache hit)
1643 http cache @babel/helper-string-parser@https://registry.npmjs.org/@babel/helper-string-parser/-/helper-string-parser-7.29.7.tgz 0ms (cache hit)
1644 http cache @babel/helper-module-imports@https://registry.npmjs.org/@babel/helper-module-imports/-/helper-module-imports-7.29.7.tgz 0ms (cache hit)
1645 http cache @babel/helper-globals@https://registry.npmjs.org/@babel/helper-globals/-/helper-globals-7.29.7.tgz 0ms (cache hit)
1646 http cache lru-cache@https://registry.npmjs.org/lru-cache/-/lru-cache-5.1.1.tgz 0ms (cache hit)
1647 http cache browserslist@https://registry.npmjs.org/browserslist/-/browserslist-4.29.3.tgz 0ms (cache hit)
1648 http cache @babel/helper-validator-option@https://registry.npmjs.org/@babel/helper-validator-option/-/helper-validator-option-7.29.7.tgz 0ms (cache hit)
1649 http cache @babel/compat-data@https://registry.npmjs.org/@babel/compat-data/-/compat-data-7.29.7.tgz 0ms (cache hit)
1650 http cache jsesc@https://registry.npmjs.org/jsesc/-/jsesc-3.1.0.tgz 0ms (cache hit)
1651 http cache picocolors@https://registry.npmjs.org/picocolors/-/picocolors-1.1.1.tgz 0ms (cache hit)
1652 http cache @babel/helper-validator-identifier@https://registry.npmjs.org/@babel/helper-validator-identifier/-/helper-validator-identifier-7.29.7.tgz 0ms (cache hit)
1653 http cache js-tokens@https://registry.npmjs.org/js-tokens/-/js-tokens-4.0.0.tgz 0ms (cache hit)
1654 http cache semver@https://registry.npmjs.org/semver/-/semver-6.3.1.tgz 0ms (cache hit)
1655 http cache json5@https://registry.npmjs.org/json5/-/json5-2.2.3.tgz 0ms (cache hit)
1656 http cache gensync@https://registry.npmjs.org/gensync/-/gensync-1.0.0-beta.2.tgz 0ms (cache hit)
1657 http cache convert-source-map@https://registry.npmjs.org/convert-source-map/-/convert-source-map-2.0.0.tgz 0ms (cache hit)
1658 http cache @babel/types@https://registry.npmjs.org/@babel/types/-/types-7.29.8.tgz 0ms (cache hit)
1659 http cache @babel/traverse@https://registry.npmjs.org/@babel/traverse/-/traverse-7.29.8.tgz 0ms (cache hit)
1660 http cache @babel/helpers@https://registry.npmjs.org/@babel/helpers/-/helpers-7.29.7.tgz 0ms (cache hit)
1661 http cache @babel/helper-module-transforms@https://registry.npmjs.org/@babel/helper-module-transforms/-/helper-module-transforms-7.29.7.tgz 0ms (cache hit)
1662 http cache acorn-jsx@https://registry.npmjs.org/acorn-jsx/-/acorn-jsx-5.3.2.tgz 0ms (cache hit)
1663 http cache @babel/template@https://registry.npmjs.org/@babel/template/-/template-7.29.7.tgz 0ms (cache hit)
1664 http cache @babel/helper-compilation-targets@https://registry.npmjs.org/@babel/helper-compilation-targets/-/helper-compilation-targets-7.29.7.tgz 0ms (cache hit)
1665 http cache @babel/generator@https://registry.npmjs.org/@babel/generator/-/generator-7.29.8.tgz 0ms (cache hit)
1666 http cache @babel/code-frame@https://registry.npmjs.org/@babel/code-frame/-/code-frame-7.29.7.tgz 0ms (cache hit)
1667 http cache zod-validation-error@https://registry.npmjs.org/zod-validation-error/-/zod-validation-error-4.0.2.tgz 0ms (cache hit)
1668 http cache zod@https://registry.npmjs.org/zod/-/zod-4.6.5.tgz 0ms (cache hit)
1669 http cache hermes-parser@https://registry.npmjs.org/hermes-parser/-/hermes-parser-0.25.1.tgz 0ms (cache hit)
1670 http cache @babel/parser@https://registry.npmjs.org/@babel/parser/-/parser-7.29.9.tgz 0ms (cache hit)
1671 http cache @babel/core@https://registry.npmjs.org/@babel/core/-/core-7.29.7.tgz 0ms (cache hit)
1672 http cache ms@https://registry.npmjs.org/ms/-/ms-2.1.3.tgz 0ms (cache hit)
1673 http cache which@https://registry.npmjs.org/which/-/which-2.0.2.tgz 0ms (cache hit)
1674 http cache shebang-command@https://registry.npmjs.org/shebang-command/-/shebang-command-2.0.0.tgz 0ms (cache hit)
1675 http cache path-key@https://registry.npmjs.org/path-key/-/path-key-3.1.1.tgz 0ms (cache hit)
1676 http cache uri-js@https://registry.npmjs.org/uri-js/-/uri-js-4.4.1.tgz 0ms (cache hit)
1677 http cache fast-json-stable-stringify@https://registry.npmjs.org/fast-json-stable-stringify/-/fast-json-stable-stringify-2.1.0.tgz 0ms (cache hit)
1678 http cache @humanfs/core@https://registry.npmjs.org/@humanfs/core/-/core-0.19.2.tgz 0ms (cache hit)
1679 http cache levn@https://registry.npmjs.org/levn/-/levn-0.4.1.tgz 0ms (cache hit)
1680 http cache @types/json-schema@https://registry.npmjs.org/@types/json-schema/-/json-schema-7.0.15.tgz 0ms (cache hit)
1681 http cache json-schema-traverse@https://registry.npmjs.org/json-schema-traverse/-/json-schema-traverse-0.4.1.tgz 0ms (cache hit)
1682 http cache @eslint/object-schema@https://registry.npmjs.org/@eslint/object-schema/-/object-schema-3.0.5.tgz 0ms (cache hit)
1683 http cache @humanfs/types@https://registry.npmjs.org/@humanfs/types/-/types-0.15.0.tgz 0ms (cache hit)
1684 http cache minimatch@https://registry.npmjs.org/minimatch/-/minimatch-10.2.6.tgz 0ms (cache hit)
1685 http cache json-stable-stringify-without-jsonify@https://registry.npmjs.org/json-stable-stringify-without-jsonify/-/json-stable-stringify-without-jsonify-1.0.1.tgz 0ms (cache hit)
1686 http cache optionator@https://registry.npmjs.org/optionator/-/optionator-0.9.4.tgz 0ms (cache hit)
1687 http cache is-glob@https://registry.npmjs.org/is-glob/-/is-glob-4.0.3.tgz 0ms (cache hit)
1688 http cache imurmurhash@https://registry.npmjs.org/imurmurhash/-/imurmurhash-0.1.4.tgz 0ms (cache hit)
1689 http cache ignore@https://registry.npmjs.org/ignore/-/ignore-5.3.2.tgz 0ms (cache hit)
1690 http cache glob-parent@https://registry.npmjs.org/glob-parent/-/glob-parent-6.0.2.tgz 0ms (cache hit)
1691 http cache find-up@https://registry.npmjs.org/find-up/-/find-up-5.0.0.tgz 0ms (cache hit)
1692 http cache file-entry-cache@https://registry.npmjs.org/file-entry-cache/-/file-entry-cache-11.1.5.tgz 1ms (cache hit)
1693 http cache fast-deep-equal@https://registry.npmjs.org/fast-deep-equal/-/fast-deep-equal-3.1.3.tgz 0ms (cache hit)
1694 http cache esquery@https://registry.npmjs.org/esquery/-/esquery-1.7.0.tgz 0ms (cache hit)
1695 http cache natural-compare@https://registry.npmjs.org/natural-compare/-/natural-compare-1.4.0.tgz 0ms (cache hit)
1696 http cache espree@https://registry.npmjs.org/espree/-/espree-11.2.0.tgz 0ms (cache hit)
1697 http cache eslint-visitor-keys@https://registry.npmjs.org/eslint-visitor-keys/-/eslint-visitor-keys-5.0.1.tgz 0ms (cache hit)
1698 http cache eslint-scope@https://registry.npmjs.org/eslint-scope/-/eslint-scope-9.1.2.tgz 0ms (cache hit)
1699 http cache escape-string-regexp@https://registry.npmjs.org/escape-string-regexp/-/escape-string-regexp-4.0.0.tgz 0ms (cache hit)
1700 http cache cross-spawn@https://registry.npmjs.org/cross-spawn/-/cross-spawn-7.0.6.tgz 0ms (cache hit)
1701 http cache esutils@https://registry.npmjs.org/esutils/-/esutils-2.0.3.tgz 0ms (cache hit)
1702 http cache @types/estree@https://registry.npmjs.org/@types/estree/-/estree-1.0.9.tgz 0ms (cache hit)
1703 http cache ajv@https://registry.npmjs.org/ajv/-/ajv-6.15.0.tgz 0ms (cache hit)
1704 http cache @humanfs/node@https://registry.npmjs.org/@humanfs/node/-/node-0.16.8.tgz 0ms (cache hit)
1705 http cache @eslint/plugin-kit@https://registry.npmjs.org/@eslint/plugin-kit/-/plugin-kit-0.7.3.tgz 0ms (cache hit)
1706 http cache @humanwhocodes/module-importer@https://registry.npmjs.org/@humanwhocodes/module-importer/-/module-importer-1.0.1.tgz 0ms (cache hit)
1707 http cache @humanwhocodes/retry@https://registry.npmjs.org/@humanwhocodes/retry/-/retry-0.4.3.tgz 0ms (cache hit)
1708 http cache @eslint/core@https://registry.npmjs.org/@eslint/core/-/core-1.2.1.tgz 0ms (cache hit)
1709 http cache debug@https://registry.npmjs.org/debug/-/debug-4.4.3.tgz 0ms (cache hit)
1710 http cache @eslint/config-helpers@https://registry.npmjs.org/@eslint/config-helpers/-/config-helpers-0.7.0.tgz 0ms (cache hit)
1711 http cache @eslint/config-array@https://registry.npmjs.org/@eslint/config-array/-/config-array-0.23.5.tgz 0ms (cache hit)
1712 http cache @eslint-community/regexpp@https://registry.npmjs.org/@eslint-community/regexpp/-/regexpp-4.12.2.tgz 0ms (cache hit)
1713 http cache @eslint-community/eslint-utils@https://registry.npmjs.org/@eslint-community/eslint-utils/-/eslint-utils-4.10.1.tgz 0ms (cache hit)
1714 http cache tapable@https://registry.npmjs.org/tapable/-/tapable-2.3.3.tgz 0ms (cache hit)
1715 http cache graceful-fs@https://registry.npmjs.org/graceful-fs/-/graceful-fs-4.2.11.tgz 0ms (cache hit)
1716 http cache proxy-from-env@https://registry.npmjs.org/proxy-from-env/-/proxy-from-env-2.1.0.tgz 1ms (cache hit)
1717 http cache form-data@https://registry.npmjs.org/form-data/-/form-data-4.0.6.tgz 0ms (cache hit)
1718 http cache follow-redirects@https://registry.npmjs.org/follow-redirects/-/follow-redirects-1.16.0.tgz 0ms (cache hit)
1719 http cache https-proxy-agent@https://registry.npmjs.org/https-proxy-agent/-/https-proxy-agent-5.0.1.tgz 0ms (cache hit)
1720 http cache csstype@https://registry.npmjs.org/csstype/-/csstype-3.2.3.tgz 0ms (cache hit)
1721 http cache @rolldown/pluginutils@https://registry.npmjs.org/@rolldown/pluginutils/-/pluginutils-1.0.1.tgz 0ms (cache hit)
1722 http cache @jridgewell/sourcemap-codec@https://registry.npmjs.org/@jridgewell/sourcemap-codec/-/sourcemap-codec-1.6.0.tgz 0ms (cache hit)
1723 http cache @jridgewell/trace-mapping@https://registry.npmjs.org/@jridgewell/trace-mapping/-/trace-mapping-0.3.31.tgz 0ms (cache hit)
1724 http cache @tailwindcss/oxide-win32-x64-msvc@https://registry.npmjs.org/@tailwindcss/oxide-win32-x64-msvc/-/oxide-win32-x64-msvc-4.3.3.tgz 0ms (cache hit)
1725 http cache @jridgewell/resolve-uri@https://registry.npmjs.org/@jridgewell/resolve-uri/-/resolve-uri-3.1.2.tgz 0ms (cache hit)
1726 http cache @jridgewell/gen-mapping@https://registry.npmjs.org/@jridgewell/gen-mapping/-/gen-mapping-0.3.13.tgz 0ms (cache hit)
1727 http cache source-map-js@https://registry.npmjs.org/source-map-js/-/source-map-js-1.2.2.tgz 0ms (cache hit)
1728 http cache magic-string@https://registry.npmjs.org/magic-string/-/magic-string-0.30.21.tgz 0ms (cache hit)
1729 http cache jiti@https://registry.npmjs.org/jiti/-/jiti-2.7.0.tgz 0ms (cache hit)
1730 http cache enhanced-resolve@https://registry.npmjs.org/enhanced-resolve/-/enhanced-resolve-5.26.0.tgz 0ms (cache hit)
1731 http cache lightningcss@https://registry.npmjs.org/lightningcss/-/lightningcss-1.32.0.tgz 0ms (cache hit)
1732 http cache @jridgewell/remapping@https://registry.npmjs.org/@jridgewell/remapping/-/remapping-2.3.5.tgz 0ms (cache hit)
1733 http cache @tailwindcss/node@https://registry.npmjs.org/@tailwindcss/node/-/node-4.3.3.tgz 0ms (cache hit)
1734 http cache reselect@https://registry.npmjs.org/reselect/-/reselect-5.3.0.tgz 0ms (cache hit)
1735 http cache @tailwindcss/oxide@https://registry.npmjs.org/@tailwindcss/oxide/-/oxide-4.3.3.tgz 0ms (cache hit)
1736 http cache redux@https://registry.npmjs.org/redux/-/redux-5.0.1.tgz 0ms (cache hit)
1737 http cache immer@https://registry.npmjs.org/immer/-/immer-11.1.18.tgz 0ms (cache hit)
1738 http cache @standard-schema/utils@https://registry.npmjs.org/@standard-schema/utils/-/utils-0.3.0.tgz 0ms (cache hit)
1739 http cache tailwindcss@https://registry.npmjs.org/tailwindcss/-/tailwindcss-4.3.3.tgz 0ms (cache hit)
1740 http cache @standard-schema/spec@https://registry.npmjs.org/@standard-schema/spec/-/spec-1.1.0.tgz 0ms (cache hit)
1741 http cache react-router-dom@https://registry.npmjs.org/react-router-dom/-/react-router-dom-7.18.4.tgz 0ms (cache hit)
1742 http cache redux-thunk@https://registry.npmjs.org/redux-thunk/-/redux-thunk-3.1.0.tgz 0ms (cache hit)
1743 http cache react-dom@https://registry.npmjs.org/react-dom/-/react-dom-19.3.0.tgz 0ms (cache hit)
1744 http cache react-redux@https://registry.npmjs.org/react-redux/-/react-redux-9.3.0.tgz 0ms (cache hit)
1745 http cache react@https://registry.npmjs.org/react/-/react-19.3.0.tgz 0ms (cache hit)
1746 http cache globals@https://registry.npmjs.org/globals/-/globals-17.13.0.tgz 0ms (cache hit)
1747 http cache eslint@https://registry.npmjs.org/eslint/-/eslint-10.11.0.tgz 0ms (cache hit)
1748 http cache axios@https://registry.npmjs.org/axios/-/axios-1.20.0.tgz 0ms (cache hit)
1749 http cache eslint-plugin-react-hooks@https://registry.npmjs.org/eslint-plugin-react-hooks/-/eslint-plugin-react-hooks-7.1.1.tgz 0ms (cache hit)
1750 http cache eslint-plugin-react-refresh@https://registry.npmjs.org/eslint-plugin-react-refresh/-/eslint-plugin-react-refresh-0.5.7.tgz 0ms (cache hit)
1751 http cache @types/react@https://registry.npmjs.org/@types/react/-/react-19.3.0.tgz 0ms (cache hit)
1752 http cache vite@https://registry.npmjs.org/vite/-/vite-8.3.1.tgz 0ms (cache hit)
1753 http cache @reduxjs/toolkit@https://registry.npmjs.org/@reduxjs/toolkit/-/toolkit-2.13.0.tgz 0ms (cache hit)
1754 http cache @tailwindcss/vite@https://registry.npmjs.org/@tailwindcss/vite/-/vite-4.3.3.tgz 1ms (cache hit)
1755 http cache @types/react-dom@https://registry.npmjs.org/@types/react-dom/-/react-dom-19.3.0.tgz 0ms (cache hit)
1756 http cache @eslint/js@https://registry.npmjs.org/@eslint/js/-/js-10.0.1.tgz 0ms (cache hit)
1757 http cache hookified@https://registry.npmjs.org/hookified/-/hookified-2.2.0.tgz 0ms (cache hit)
1758 http cache eslint-visitor-keys@https://registry.npmjs.org/eslint-visitor-keys/-/eslint-visitor-keys-3.4.3.tgz 0ms (cache hit)
1759 http cache lightningcss@https://registry.npmjs.org/lightningcss/-/lightningcss-1.33.0.tgz 0ms (cache hit)
1760 http cache lightningcss-win32-x64-msvc@https://registry.npmjs.org/lightningcss-win32-x64-msvc/-/lightningcss-win32-x64-msvc-1.33.0.tgz 0ms (cache hit)
1761 http cache @vitejs/plugin-react@https://registry.npmjs.org/@vitejs/plugin-react/-/plugin-react-6.1.1.tgz 0ms (cache hit)
1762 silly tarball no local data for @oxc-project/types@https://registry.npmjs.org/@oxc-project/types/-/types-0.152.0.tgz. Extracting by manifest.
1763 silly tarball no local data for @rolldown/binding-win32-x64-msvc@https://registry.npmjs.org/@rolldown/binding-win32-x64-msvc/-/binding-win32-x64-msvc-1.2.12.tgz. Extracting by manifest.
1764 silly tarball no local data for fdir@https://registry.npmjs.org/fdir/-/fdir-6.5.0.tgz. Extracting by manifest.
1765 silly tarball no local data for isexe@https://registry.npmjs.org/isexe/-/isexe-2.0.0.tgz. Extracting by manifest.
1766 silly tarball no local data for tinyglobby@https://registry.npmjs.org/tinyglobby/-/tinyglobby-0.2.17.tgz. Extracting by manifest.
1767 silly tarball no local data for nanoid@https://registry.npmjs.org/nanoid/-/nanoid-3.3.19.tgz. Extracting by manifest.
1768 silly tarball no local data for rolldown@https://registry.npmjs.org/rolldown/-/rolldown-1.2.12.tgz. Extracting by manifest.
1769 silly tarball no local data for picomatch@https://registry.npmjs.org/picomatch/-/picomatch-4.0.7.tgz. Extracting by manifest.
1770 silly tarball no local data for punycode@https://registry.npmjs.org/punycode/-/punycode-2.3.1.tgz. Extracting by manifest.
1771 silly tarball no local data for escalade@https://registry.npmjs.org/escalade/-/escalade-3.2.0.tgz. Extracting by manifest.
1772 silly tarball no local data for postcss@https://registry.npmjs.org/postcss/-/postcss-8.5.28.tgz. Extracting by manifest.
1773 silly tarball no local data for cookie@https://registry.npmjs.org/cookie/-/cookie-1.1.1.tgz. Extracting by manifest.
1774 silly tarball no local data for shebang-regex@https://registry.npmjs.org/shebang-regex/-/shebang-regex-3.0.0.tgz. Extracting by manifest.
1775 silly tarball no local data for set-cookie-parser@https://registry.npmjs.org/set-cookie-parser/-/set-cookie-parser-2.7.2.tgz. Extracting by manifest.
1776 silly tarball no local data for react-router@https://registry.npmjs.org/react-router/-/react-router-7.18.4.tgz. Extracting by manifest.
1777 silly tarball no local data for scheduler@https://registry.npmjs.org/scheduler/-/scheduler-0.28.0.tgz. Extracting by manifest.
1778 silly tarball no local data for yocto-queue@https://registry.npmjs.org/yocto-queue/-/yocto-queue-0.1.0.tgz. Extracting by manifest.
1779 silly tarball no local data for @types/use-sync-external-store@https://registry.npmjs.org/@types/use-sync-external-store/-/use-sync-external-store-0.0.6.tgz. Extracting by manifest.
1780 silly tarball no local data for use-sync-external-store@https://registry.npmjs.org/use-sync-external-store/-/use-sync-external-store-1.7.0.tgz. Extracting by manifest.
1781 silly tarball no local data for word-wrap@https://registry.npmjs.org/word-wrap/-/word-wrap-1.2.5.tgz. Extracting by manifest.
1782 silly tarball no local data for deep-is@https://registry.npmjs.org/deep-is/-/deep-is-0.1.4.tgz. Extracting by manifest.
1783 silly tarball no local data for p-limit@https://registry.npmjs.org/p-limit/-/p-limit-3.1.0.tgz. Extracting by manifest.
1784 silly tarball no local data for fast-levenshtein@https://registry.npmjs.org/fast-levenshtein/-/fast-levenshtein-2.0.6.tgz. Extracting by manifest.
1785 silly tarball no local data for brace-expansion@https://registry.npmjs.org/brace-expansion/-/brace-expansion-5.0.12.tgz. Extracting by manifest.
1786 silly tarball no local data for mime-db@https://registry.npmjs.org/mime-db/-/mime-db-1.52.0.tgz. Extracting by manifest.
1787 silly tarball no local data for yallist@https://registry.npmjs.org/yallist/-/yallist-3.1.1.tgz. Extracting by manifest.
1788 silly tarball no local data for p-locate@https://registry.npmjs.org/p-locate/-/p-locate-5.0.0.tgz. Extracting by manifest.
1789 silly tarball no local data for lightningcss-win32-x64-msvc@https://registry.npmjs.org/lightningcss-win32-x64-msvc/-/lightningcss-win32-x64-msvc-1.32.0.tgz. Extracting by manifest.
1790 silly tarball no local data for detect-libc@https://registry.npmjs.org/detect-libc/-/detect-libc-2.1.2.tgz. Extracting by manifest.
1791 silly tarball no local data for balanced-match@https://registry.npmjs.org/balanced-match/-/balanced-match-4.0.4.tgz. Extracting by manifest.
1792 silly tarball no local data for prelude-ls@https://registry.npmjs.org/prelude-ls/-/prelude-ls-1.2.1.tgz. Extracting by manifest.
1793 silly tarball no local data for type-check@https://registry.npmjs.org/type-check/-/type-check-0.4.0.tgz. Extracting by manifest.
1794 silly tarball no local data for is-extglob@https://registry.npmjs.org/is-extglob/-/is-extglob-2.1.1.tgz. Extracting by manifest.
1795 silly tarball no local data for @keyv/serialize@https://registry.npmjs.org/@keyv/serialize/-/serialize-1.1.1.tgz. Extracting by manifest.
1796 silly tarball no local data for agent-base@https://registry.npmjs.org/agent-base/-/agent-base-6.0.2.tgz. Extracting by manifest.
1797 silly tarball no local data for hermes-estree@https://registry.npmjs.org/hermes-estree/-/hermes-estree-0.25.1.tgz. Extracting by manifest.
1798 silly tarball no local data for math-intrinsics@https://registry.npmjs.org/math-intrinsics/-/math-intrinsics-1.1.0.tgz. Extracting by manifest.
1799 silly tarball no local data for dunder-proto@https://registry.npmjs.org/dunder-proto/-/dunder-proto-1.0.1.tgz. Extracting by manifest.
1800 silly tarball no local data for has-symbols@https://registry.npmjs.org/has-symbols/-/has-symbols-1.1.0.tgz. Extracting by manifest.
1801 silly tarball no local data for gopd@https://registry.npmjs.org/gopd/-/gopd-1.2.0.tgz. Extracting by manifest.
1802 silly tarball no local data for es-object-atoms@https://registry.npmjs.org/es-object-atoms/-/es-object-atoms-1.1.2.tgz. Extracting by manifest.
1803 silly tarball no local data for function-bind@https://registry.npmjs.org/function-bind/-/function-bind-1.1.2.tgz. Extracting by manifest.
1804 silly tarball no local data for es-define-property@https://registry.npmjs.org/es-define-property/-/es-define-property-1.0.1.tgz. Extracting by manifest.
1805 silly tarball no local data for has-tostringtag@https://registry.npmjs.org/has-tostringtag/-/has-tostringtag-1.0.2.tgz. Extracting by manifest.
1806 silly tarball no local data for call-bind-apply-helpers@https://registry.npmjs.org/call-bind-apply-helpers/-/call-bind-apply-helpers-1.0.2.tgz. Extracting by manifest.
1807 silly tarball no local data for get-intrinsic@https://registry.npmjs.org/get-intrinsic/-/get-intrinsic-1.3.0.tgz. Extracting by manifest.
1808 silly tarball no local data for es-errors@https://registry.npmjs.org/es-errors/-/es-errors-1.3.0.tgz. Extracting by manifest.
1809 silly tarball no local data for delayed-stream@https://registry.npmjs.org/delayed-stream/-/delayed-stream-1.0.0.tgz. Extracting by manifest.
1810 silly tarball no local data for mime-types@https://registry.npmjs.org/mime-types/-/mime-types-2.1.35.tgz. Extracting by manifest.
1811 silly tarball no local data for es-set-tostringtag@https://registry.npmjs.org/es-set-tostringtag/-/es-set-tostringtag-2.1.0.tgz. Extracting by manifest.
1812 silly tarball no local data for hasown@https://registry.npmjs.org/hasown/-/hasown-2.0.4.tgz. Extracting by manifest.
1813 silly tarball no local data for combined-stream@https://registry.npmjs.org/combined-stream/-/combined-stream-1.0.8.tgz. Extracting by manifest.
1814 silly tarball no local data for hashery@https://registry.npmjs.org/hashery/-/hashery-1.5.1.tgz. Extracting by manifest.
1815 silly tarball no local data for asynckit@https://registry.npmjs.org/asynckit/-/asynckit-0.4.0.tgz. Extracting by manifest.
1816 silly tarball no local data for @keyv/bigmap@https://registry.npmjs.org/@keyv/bigmap/-/bigmap-1.3.1.tgz. Extracting by manifest.
1817 silly tarball no local data for qified@https://registry.npmjs.org/qified/-/qified-0.10.1.tgz. Extracting by manifest.
1818 silly tarball no local data for keyv@https://registry.npmjs.org/keyv/-/keyv-5.6.0.tgz. Extracting by manifest.
1819 silly tarball no local data for @cacheable/utils@https://registry.npmjs.org/@cacheable/utils/-/utils-2.5.0.tgz. Extracting by manifest.
1820 silly tarball no local data for get-proto@https://registry.npmjs.org/get-proto/-/get-proto-1.0.1.tgz. Extracting by manifest.
1821 silly tarball no local data for @cacheable/memory@https://registry.npmjs.org/@cacheable/memory/-/memory-2.2.0.tgz. Extracting by manifest.
1822 silly tarball no local data for hookified@https://registry.npmjs.org/hookified/-/hookified-1.15.1.tgz. Extracting by manifest.
1823 silly tarball no local data for flatted@https://registry.npmjs.org/flatted/-/flatted-3.4.4.tgz. Extracting by manifest.
1824 silly tarball no local data for cacheable@https://registry.npmjs.org/cacheable/-/cacheable-2.5.0.tgz. Extracting by manifest.
1825 silly tarball no local data for path-exists@https://registry.npmjs.org/path-exists/-/path-exists-4.0.0.tgz. Extracting by manifest.
1826 silly tarball no local data for locate-path@https://registry.npmjs.org/locate-path/-/locate-path-6.0.0.tgz. Extracting by manifest.
1827 silly tarball no local data for estraverse@https://registry.npmjs.org/estraverse/-/estraverse-5.3.0.tgz. Extracting by manifest.
1828 silly tarball no local data for acorn@https://registry.npmjs.org/acorn/-/acorn-8.18.0.tgz. Extracting by manifest.
1829 silly tarball no local data for flat-cache@https://registry.npmjs.org/flat-cache/-/flat-cache-6.1.23.tgz. Extracting by manifest.
1830 silly tarball no local data for @types/esrecurse@https://registry.npmjs.org/@types/esrecurse/-/esrecurse-4.3.1.tgz. Extracting by manifest.
1831 silly tarball no local data for esrecurse@https://registry.npmjs.org/esrecurse/-/esrecurse-4.3.0.tgz. Extracting by manifest.
1832 silly tarball no local data for update-browserslist-db@https://registry.npmjs.org/update-browserslist-db/-/update-browserslist-db-1.3.3.tgz. Extracting by manifest.
1833 silly tarball no local data for node-releases@https://registry.npmjs.org/node-releases/-/node-releases-2.0.57.tgz. Extracting by manifest.
1834 silly tarball no local data for caniuse-lite@https://registry.npmjs.org/caniuse-lite/-/caniuse-lite-1.0.30001814.tgz. Extracting by manifest.
1835 silly tarball no local data for electron-to-chromium@https://registry.npmjs.org/electron-to-chromium/-/electron-to-chromium-1.5.443.tgz. Extracting by manifest.
1836 silly tarball no local data for baseline-browser-mapping@https://registry.npmjs.org/baseline-browser-mapping/-/baseline-browser-mapping-2.11.26.tgz. Extracting by manifest.
1837 silly tarball no local data for @babel/helper-string-parser@https://registry.npmjs.org/@babel/helper-string-parser/-/helper-string-parser-7.29.7.tgz. Extracting by manifest.
1838 silly tarball no local data for @babel/helper-module-imports@https://registry.npmjs.org/@babel/helper-module-imports/-/helper-module-imports-7.29.7.tgz. Extracting by manifest.
1839 silly tarball no local data for @babel/helper-globals@https://registry.npmjs.org/@babel/helper-globals/-/helper-globals-7.29.7.tgz. Extracting by manifest.
1840 silly tarball no local data for lru-cache@https://registry.npmjs.org/lru-cache/-/lru-cache-5.1.1.tgz. Extracting by manifest.
1841 silly tarball no local data for browserslist@https://registry.npmjs.org/browserslist/-/browserslist-4.29.3.tgz. Extracting by manifest.
1842 silly tarball no local data for @babel/helper-validator-option@https://registry.npmjs.org/@babel/helper-validator-option/-/helper-validator-option-7.29.7.tgz. Extracting by manifest.
1843 silly tarball no local data for @babel/compat-data@https://registry.npmjs.org/@babel/compat-data/-/compat-data-7.29.7.tgz. Extracting by manifest.
1844 silly tarball no local data for jsesc@https://registry.npmjs.org/jsesc/-/jsesc-3.1.0.tgz. Extracting by manifest.
1845 silly tarball no local data for picocolors@https://registry.npmjs.org/picocolors/-/picocolors-1.1.1.tgz. Extracting by manifest.
1846 silly tarball no local data for @babel/helper-validator-identifier@https://registry.npmjs.org/@babel/helper-validator-identifier/-/helper-validator-identifier-7.29.7.tgz. Extracting by manifest.
1847 silly tarball no local data for js-tokens@https://registry.npmjs.org/js-tokens/-/js-tokens-4.0.0.tgz. Extracting by manifest.
1848 silly tarball no local data for semver@https://registry.npmjs.org/semver/-/semver-6.3.1.tgz. Extracting by manifest.
1849 silly tarball no local data for json5@https://registry.npmjs.org/json5/-/json5-2.2.3.tgz. Extracting by manifest.
1850 silly tarball no local data for gensync@https://registry.npmjs.org/gensync/-/gensync-1.0.0-beta.2.tgz. Extracting by manifest.
1851 silly tarball no local data for convert-source-map@https://registry.npmjs.org/convert-source-map/-/convert-source-map-2.0.0.tgz. Extracting by manifest.
1852 silly tarball no local data for @babel/types@https://registry.npmjs.org/@babel/types/-/types-7.29.8.tgz. Extracting by manifest.
1853 silly tarball no local data for @babel/traverse@https://registry.npmjs.org/@babel/traverse/-/traverse-7.29.8.tgz. Extracting by manifest.
1854 silly tarball no local data for @babel/helpers@https://registry.npmjs.org/@babel/helpers/-/helpers-7.29.7.tgz. Extracting by manifest.
1855 silly tarball no local data for @babel/helper-module-transforms@https://registry.npmjs.org/@babel/helper-module-transforms/-/helper-module-transforms-7.29.7.tgz. Extracting by manifest.
1856 silly tarball no local data for acorn-jsx@https://registry.npmjs.org/acorn-jsx/-/acorn-jsx-5.3.2.tgz. Extracting by manifest.
1857 silly tarball no local data for @babel/template@https://registry.npmjs.org/@babel/template/-/template-7.29.7.tgz. Extracting by manifest.
1858 silly tarball no local data for @babel/helper-compilation-targets@https://registry.npmjs.org/@babel/helper-compilation-targets/-/helper-compilation-targets-7.29.7.tgz. Extracting by manifest.
1859 silly tarball no local data for @babel/generator@https://registry.npmjs.org/@babel/generator/-/generator-7.29.8.tgz. Extracting by manifest.
1860 silly tarball no local data for @babel/code-frame@https://registry.npmjs.org/@babel/code-frame/-/code-frame-7.29.7.tgz. Extracting by manifest.
1861 silly tarball no local data for zod-validation-error@https://registry.npmjs.org/zod-validation-error/-/zod-validation-error-4.0.2.tgz. Extracting by manifest.
1862 silly tarball no local data for zod@https://registry.npmjs.org/zod/-/zod-4.6.5.tgz. Extracting by manifest.
1863 silly tarball no local data for hermes-parser@https://registry.npmjs.org/hermes-parser/-/hermes-parser-0.25.1.tgz. Extracting by manifest.
1864 silly tarball no local data for @babel/parser@https://registry.npmjs.org/@babel/parser/-/parser-7.29.9.tgz. Extracting by manifest.
1865 silly tarball no local data for @babel/core@https://registry.npmjs.org/@babel/core/-/core-7.29.7.tgz. Extracting by manifest.
1866 silly tarball no local data for ms@https://registry.npmjs.org/ms/-/ms-2.1.3.tgz. Extracting by manifest.
1867 silly tarball no local data for which@https://registry.npmjs.org/which/-/which-2.0.2.tgz. Extracting by manifest.
1868 silly tarball no local data for shebang-command@https://registry.npmjs.org/shebang-command/-/shebang-command-2.0.0.tgz. Extracting by manifest.
1869 silly tarball no local data for path-key@https://registry.npmjs.org/path-key/-/path-key-3.1.1.tgz. Extracting by manifest.
1870 silly tarball no local data for uri-js@https://registry.npmjs.org/uri-js/-/uri-js-4.4.1.tgz. Extracting by manifest.
1871 silly tarball no local data for fast-json-stable-stringify@https://registry.npmjs.org/fast-json-stable-stringify/-/fast-json-stable-stringify-2.1.0.tgz. Extracting by manifest.
1872 silly tarball no local data for @humanfs/core@https://registry.npmjs.org/@humanfs/core/-/core-0.19.2.tgz. Extracting by manifest.
1873 silly tarball no local data for levn@https://registry.npmjs.org/levn/-/levn-0.4.1.tgz. Extracting by manifest.
1874 silly tarball no local data for @types/json-schema@https://registry.npmjs.org/@types/json-schema/-/json-schema-7.0.15.tgz. Extracting by manifest.
1875 silly tarball no local data for json-schema-traverse@https://registry.npmjs.org/json-schema-traverse/-/json-schema-traverse-0.4.1.tgz. Extracting by manifest.
1876 silly tarball no local data for @eslint/object-schema@https://registry.npmjs.org/@eslint/object-schema/-/object-schema-3.0.5.tgz. Extracting by manifest.
1877 silly tarball no local data for @humanfs/types@https://registry.npmjs.org/@humanfs/types/-/types-0.15.0.tgz. Extracting by manifest.
1878 silly tarball no local data for minimatch@https://registry.npmjs.org/minimatch/-/minimatch-10.2.6.tgz. Extracting by manifest.
1879 silly tarball no local data for json-stable-stringify-without-jsonify@https://registry.npmjs.org/json-stable-stringify-without-jsonify/-/json-stable-stringify-without-jsonify-1.0.1.tgz. Extracting by manifest.
1880 silly tarball no local data for optionator@https://registry.npmjs.org/optionator/-/optionator-0.9.4.tgz. Extracting by manifest.
1881 silly tarball no local data for is-glob@https://registry.npmjs.org/is-glob/-/is-glob-4.0.3.tgz. Extracting by manifest.
1882 silly tarball no local data for imurmurhash@https://registry.npmjs.org/imurmurhash/-/imurmurhash-0.1.4.tgz. Extracting by manifest.
1883 silly tarball no local data for ignore@https://registry.npmjs.org/ignore/-/ignore-5.3.2.tgz. Extracting by manifest.
1884 silly tarball no local data for glob-parent@https://registry.npmjs.org/glob-parent/-/glob-parent-6.0.2.tgz. Extracting by manifest.
1885 silly tarball no local data for find-up@https://registry.npmjs.org/find-up/-/find-up-5.0.0.tgz. Extracting by manifest.
1886 silly tarball no local data for file-entry-cache@https://registry.npmjs.org/file-entry-cache/-/file-entry-cache-11.1.5.tgz. Extracting by manifest.
1887 silly tarball no local data for fast-deep-equal@https://registry.npmjs.org/fast-deep-equal/-/fast-deep-equal-3.1.3.tgz. Extracting by manifest.
1888 silly tarball no local data for esquery@https://registry.npmjs.org/esquery/-/esquery-1.7.0.tgz. Extracting by manifest.
1889 silly tarball no local data for natural-compare@https://registry.npmjs.org/natural-compare/-/natural-compare-1.4.0.tgz. Extracting by manifest.
1890 silly tarball no local data for espree@https://registry.npmjs.org/espree/-/espree-11.2.0.tgz. Extracting by manifest.
1891 silly tarball no local data for eslint-visitor-keys@https://registry.npmjs.org/eslint-visitor-keys/-/eslint-visitor-keys-5.0.1.tgz. Extracting by manifest.
1892 silly tarball no local data for eslint-scope@https://registry.npmjs.org/eslint-scope/-/eslint-scope-9.1.2.tgz. Extracting by manifest.
1893 silly tarball no local data for escape-string-regexp@https://registry.npmjs.org/escape-string-regexp/-/escape-string-regexp-4.0.0.tgz. Extracting by manifest.
1894 silly tarball no local data for cross-spawn@https://registry.npmjs.org/cross-spawn/-/cross-spawn-7.0.6.tgz. Extracting by manifest.
1895 silly tarball no local data for esutils@https://registry.npmjs.org/esutils/-/esutils-2.0.3.tgz. Extracting by manifest.
1896 silly tarball no local data for @types/estree@https://registry.npmjs.org/@types/estree/-/estree-1.0.9.tgz. Extracting by manifest.
1897 silly tarball no local data for ajv@https://registry.npmjs.org/ajv/-/ajv-6.15.0.tgz. Extracting by manifest.
1898 silly tarball no local data for @humanfs/node@https://registry.npmjs.org/@humanfs/node/-/node-0.16.8.tgz. Extracting by manifest.
1899 silly tarball no local data for @eslint/plugin-kit@https://registry.npmjs.org/@eslint/plugin-kit/-/plugin-kit-0.7.3.tgz. Extracting by manifest.
1900 silly tarball no local data for @humanwhocodes/module-importer@https://registry.npmjs.org/@humanwhocodes/module-importer/-/module-importer-1.0.1.tgz. Extracting by manifest.
1901 silly tarball no local data for @humanwhocodes/retry@https://registry.npmjs.org/@humanwhocodes/retry/-/retry-0.4.3.tgz. Extracting by manifest.
1902 silly tarball no local data for @eslint/core@https://registry.npmjs.org/@eslint/core/-/core-1.2.1.tgz. Extracting by manifest.
1903 silly tarball no local data for debug@https://registry.npmjs.org/debug/-/debug-4.4.3.tgz. Extracting by manifest.
1904 silly tarball no local data for @eslint/config-helpers@https://registry.npmjs.org/@eslint/config-helpers/-/config-helpers-0.7.0.tgz. Extracting by manifest.
1905 silly tarball no local data for @eslint/config-array@https://registry.npmjs.org/@eslint/config-array/-/config-array-0.23.5.tgz. Extracting by manifest.
1906 silly tarball no local data for @eslint-community/regexpp@https://registry.npmjs.org/@eslint-community/regexpp/-/regexpp-4.12.2.tgz. Extracting by manifest.
1907 silly tarball no local data for @eslint-community/eslint-utils@https://registry.npmjs.org/@eslint-community/eslint-utils/-/eslint-utils-4.10.1.tgz. Extracting by manifest.
1908 silly tarball no local data for tapable@https://registry.npmjs.org/tapable/-/tapable-2.3.3.tgz. Extracting by manifest.
1909 silly tarball no local data for graceful-fs@https://registry.npmjs.org/graceful-fs/-/graceful-fs-4.2.11.tgz. Extracting by manifest.
1910 silly tarball no local data for proxy-from-env@https://registry.npmjs.org/proxy-from-env/-/proxy-from-env-2.1.0.tgz. Extracting by manifest.
1911 silly tarball no local data for form-data@https://registry.npmjs.org/form-data/-/form-data-4.0.6.tgz. Extracting by manifest.
1912 silly tarball no local data for follow-redirects@https://registry.npmjs.org/follow-redirects/-/follow-redirects-1.16.0.tgz. Extracting by manifest.
1913 silly tarball no local data for https-proxy-agent@https://registry.npmjs.org/https-proxy-agent/-/https-proxy-agent-5.0.1.tgz. Extracting by manifest.
1914 silly tarball no local data for csstype@https://registry.npmjs.org/csstype/-/csstype-3.2.3.tgz. Extracting by manifest.
1915 silly tarball no local data for @rolldown/pluginutils@https://registry.npmjs.org/@rolldown/pluginutils/-/pluginutils-1.0.1.tgz. Extracting by manifest.
1916 silly tarball no local data for @jridgewell/sourcemap-codec@https://registry.npmjs.org/@jridgewell/sourcemap-codec/-/sourcemap-codec-1.6.0.tgz. Extracting by manifest.
1917 silly tarball no local data for @jridgewell/trace-mapping@https://registry.npmjs.org/@jridgewell/trace-mapping/-/trace-mapping-0.3.31.tgz. Extracting by manifest.
1918 silly tarball no local data for @tailwindcss/oxide-win32-x64-msvc@https://registry.npmjs.org/@tailwindcss/oxide-win32-x64-msvc/-/oxide-win32-x64-msvc-4.3.3.tgz. Extracting by manifest.
1919 silly tarball no local data for @jridgewell/resolve-uri@https://registry.npmjs.org/@jridgewell/resolve-uri/-/resolve-uri-3.1.2.tgz. Extracting by manifest.
1920 silly tarball no local data for @jridgewell/gen-mapping@https://registry.npmjs.org/@jridgewell/gen-mapping/-/gen-mapping-0.3.13.tgz. Extracting by manifest.
1921 silly tarball no local data for source-map-js@https://registry.npmjs.org/source-map-js/-/source-map-js-1.2.2.tgz. Extracting by manifest.
1922 silly tarball no local data for magic-string@https://registry.npmjs.org/magic-string/-/magic-string-0.30.21.tgz. Extracting by manifest.
1923 silly tarball no local data for jiti@https://registry.npmjs.org/jiti/-/jiti-2.7.0.tgz. Extracting by manifest.
1924 silly tarball no local data for enhanced-resolve@https://registry.npmjs.org/enhanced-resolve/-/enhanced-resolve-5.26.0.tgz. Extracting by manifest.
1925 silly tarball no local data for lightningcss@https://registry.npmjs.org/lightningcss/-/lightningcss-1.32.0.tgz. Extracting by manifest.
1926 silly tarball no local data for @jridgewell/remapping@https://registry.npmjs.org/@jridgewell/remapping/-/remapping-2.3.5.tgz. Extracting by manifest.
1927 silly tarball no local data for @tailwindcss/node@https://registry.npmjs.org/@tailwindcss/node/-/node-4.3.3.tgz. Extracting by manifest.
1928 silly tarball no local data for reselect@https://registry.npmjs.org/reselect/-/reselect-5.3.0.tgz. Extracting by manifest.
1929 silly tarball no local data for @tailwindcss/oxide@https://registry.npmjs.org/@tailwindcss/oxide/-/oxide-4.3.3.tgz. Extracting by manifest.
1930 silly tarball no local data for redux@https://registry.npmjs.org/redux/-/redux-5.0.1.tgz. Extracting by manifest.
1931 silly tarball no local data for immer@https://registry.npmjs.org/immer/-/immer-11.1.18.tgz. Extracting by manifest.
1932 silly tarball no local data for @standard-schema/utils@https://registry.npmjs.org/@standard-schema/utils/-/utils-0.3.0.tgz. Extracting by manifest.
1933 silly tarball no local data for tailwindcss@https://registry.npmjs.org/tailwindcss/-/tailwindcss-4.3.3.tgz. Extracting by manifest.
1934 silly tarball no local data for @standard-schema/spec@https://registry.npmjs.org/@standard-schema/spec/-/spec-1.1.0.tgz. Extracting by manifest.
1935 silly tarball no local data for react-router-dom@https://registry.npmjs.org/react-router-dom/-/react-router-dom-7.18.4.tgz. Extracting by manifest.
1936 silly tarball no local data for redux-thunk@https://registry.npmjs.org/redux-thunk/-/redux-thunk-3.1.0.tgz. Extracting by manifest.
1937 silly tarball no local data for react-dom@https://registry.npmjs.org/react-dom/-/react-dom-19.3.0.tgz. Extracting by manifest.
1938 silly tarball no local data for react-redux@https://registry.npmjs.org/react-redux/-/react-redux-9.3.0.tgz. Extracting by manifest.
1939 silly tarball no local data for react@https://registry.npmjs.org/react/-/react-19.3.0.tgz. Extracting by manifest.
1940 silly tarball no local data for globals@https://registry.npmjs.org/globals/-/globals-17.13.0.tgz. Extracting by manifest.
1941 silly tarball no local data for eslint@https://registry.npmjs.org/eslint/-/eslint-10.11.0.tgz. Extracting by manifest.
1942 silly tarball no local data for axios@https://registry.npmjs.org/axios/-/axios-1.20.0.tgz. Extracting by manifest.
1943 silly tarball no local data for eslint-plugin-react-hooks@https://registry.npmjs.org/eslint-plugin-react-hooks/-/eslint-plugin-react-hooks-7.1.1.tgz. Extracting by manifest.
1944 silly tarball no local data for eslint-plugin-react-refresh@https://registry.npmjs.org/eslint-plugin-react-refresh/-/eslint-plugin-react-refresh-0.5.7.tgz. Extracting by manifest.
1945 silly tarball no local data for @types/react@https://registry.npmjs.org/@types/react/-/react-19.3.0.tgz. Extracting by manifest.
1946 silly tarball no local data for vite@https://registry.npmjs.org/vite/-/vite-8.3.1.tgz. Extracting by manifest.
1947 silly tarball no local data for @reduxjs/toolkit@https://registry.npmjs.org/@reduxjs/toolkit/-/toolkit-2.13.0.tgz. Extracting by manifest.
1948 silly tarball no local data for @tailwindcss/vite@https://registry.npmjs.org/@tailwindcss/vite/-/vite-4.3.3.tgz. Extracting by manifest.
1949 silly tarball no local data for @types/react-dom@https://registry.npmjs.org/@types/react-dom/-/react-dom-19.3.0.tgz. Extracting by manifest.
1950 silly tarball no local data for @eslint/js@https://registry.npmjs.org/@eslint/js/-/js-10.0.1.tgz. Extracting by manifest.
1951 silly tarball no local data for hookified@https://registry.npmjs.org/hookified/-/hookified-2.2.0.tgz. Extracting by manifest.
1952 silly tarball no local data for eslint-visitor-keys@https://registry.npmjs.org/eslint-visitor-keys/-/eslint-visitor-keys-3.4.3.tgz. Extracting by manifest.
1953 silly tarball no local data for lightningcss@https://registry.npmjs.org/lightningcss/-/lightningcss-1.33.0.tgz. Extracting by manifest.
1954 silly tarball no local data for lightningcss-win32-x64-msvc@https://registry.npmjs.org/lightningcss-win32-x64-msvc/-/lightningcss-win32-x64-msvc-1.33.0.tgz. Extracting by manifest.
1955 silly tarball no local data for @vitejs/plugin-react@https://registry.npmjs.org/@vitejs/plugin-react/-/plugin-react-6.1.1.tgz. Extracting by manifest.
1956 http fetch POST 200 https://registry.npmjs.org/-/npm/v1/security/advisories/bulk 756ms
1957 silly audit report {}
1958 http fetch GET 200 https://registry.npmjs.org/isexe/-/isexe-2.0.0.tgz 772ms (cache miss)
1959 http fetch GET 200 https://registry.npmjs.org/yocto-queue/-/yocto-queue-0.1.0.tgz 765ms (cache miss)
1960 http fetch GET 200 https://registry.npmjs.org/fdir/-/fdir-6.5.0.tgz 774ms (cache miss)
1961 http fetch GET 200 https://registry.npmjs.org/@types/use-sync-external-store/-/use-sync-external-store-0.0.6.tgz 788ms (cache miss)
1962 http fetch GET 200 https://registry.npmjs.org/scheduler/-/scheduler-0.28.0.tgz 797ms (cache miss)
1963 http fetch GET 200 https://registry.npmjs.org/tinyglobby/-/tinyglobby-0.2.17.tgz 818ms (cache miss)
1964 http fetch GET 200 https://registry.npmjs.org/nanoid/-/nanoid-3.3.19.tgz 822ms (cache miss)
1965 http fetch GET 200 https://registry.npmjs.org/use-sync-external-store/-/use-sync-external-store-1.7.0.tgz 816ms (cache miss)
1966 http fetch GET 200 https://registry.npmjs.org/@oxc-project/types/-/types-0.152.0.tgz 865ms (cache miss)
1967 http fetch GET 200 https://registry.npmjs.org/p-limit/-/p-limit-3.1.0.tgz 879ms (cache miss)
1968 http fetch GET 200 https://registry.npmjs.org/word-wrap/-/word-wrap-1.2.5.tgz 896ms (cache miss)
1969 http fetch GET 200 https://registry.npmjs.org/fast-levenshtein/-/fast-levenshtein-2.0.6.tgz 921ms (cache miss)
1970 http fetch GET 200 https://registry.npmjs.org/shebang-regex/-/shebang-regex-3.0.0.tgz 945ms (cache miss)
1971 http fetch GET 200 https://registry.npmjs.org/yallist/-/yallist-3.1.1.tgz 982ms (cache miss)
1972 http fetch GET 200 https://registry.npmjs.org/p-locate/-/p-locate-5.0.0.tgz 999ms (cache miss)
1973 http fetch GET 200 https://registry.npmjs.org/punycode/-/punycode-2.3.1.tgz 1018ms (cache miss)
1974 http fetch GET 200 https://registry.npmjs.org/deep-is/-/deep-is-0.1.4.tgz 1045ms (cache miss)
1975 http fetch GET 200 https://registry.npmjs.org/mime-db/-/mime-db-1.52.0.tgz 1056ms (cache miss)
1976 http fetch GET 200 https://registry.npmjs.org/detect-libc/-/detect-libc-2.1.2.tgz 1055ms (cache miss)
1977 http fetch GET 200 https://registry.npmjs.org/prelude-ls/-/prelude-ls-1.2.1.tgz 1074ms (cache miss)
1978 http fetch GET 200 https://registry.npmjs.org/is-extglob/-/is-extglob-2.1.1.tgz 1075ms (cache miss)
1979 http fetch GET 200 https://registry.npmjs.org/cookie/-/cookie-1.1.1.tgz 1271ms (cache miss)
1980 http fetch GET 200 https://registry.npmjs.org/set-cookie-parser/-/set-cookie-parser-2.7.2.tgz 1280ms (cache miss)
1981 http fetch GET 200 https://registry.npmjs.org/escalade/-/escalade-3.2.0.tgz 1319ms (cache miss)
1982 http fetch GET 200 https://registry.npmjs.org/type-check/-/type-check-0.4.0.tgz 1331ms (cache miss)
1983 http fetch GET 200 https://registry.npmjs.org/dunder-proto/-/dunder-proto-1.0.1.tgz 1347ms (cache miss)
1984 http fetch GET 200 https://registry.npmjs.org/@keyv/serialize/-/serialize-1.1.1.tgz 1352ms (cache miss)
1985 http fetch GET 200 https://registry.npmjs.org/picomatch/-/picomatch-4.0.7.tgz 1431ms (cache miss)
1986 http fetch GET 200 https://registry.npmjs.org/brace-expansion/-/brace-expansion-5.0.12.tgz 1421ms (cache miss)
1987 http fetch GET 200 https://registry.npmjs.org/gopd/-/gopd-1.2.0.tgz 1418ms (cache miss)
1988 http fetch GET 200 https://registry.npmjs.org/function-bind/-/function-bind-1.1.2.tgz 1425ms (cache miss)
1989 http fetch GET 200 https://registry.npmjs.org/agent-base/-/agent-base-6.0.2.tgz 1462ms (cache miss)
1990 http fetch GET 200 https://registry.npmjs.org/balanced-match/-/balanced-match-4.0.4.tgz 1466ms (cache miss)
1991 http fetch GET 200 https://registry.npmjs.org/es-define-property/-/es-define-property-1.0.1.tgz 1494ms (cache miss)
1992 http fetch GET 200 https://registry.npmjs.org/has-symbols/-/has-symbols-1.1.0.tgz 1582ms (cache miss)
1993 http fetch GET 200 https://registry.npmjs.org/es-object-atoms/-/es-object-atoms-1.1.2.tgz 1584ms (cache miss)
1994 http fetch GET 200 https://registry.npmjs.org/mime-types/-/mime-types-2.1.35.tgz 1598ms (cache miss)
1995 http fetch GET 200 https://registry.npmjs.org/has-tostringtag/-/has-tostringtag-1.0.2.tgz 1606ms (cache miss)
1996 http fetch GET 200 https://registry.npmjs.org/delayed-stream/-/delayed-stream-1.0.0.tgz 1605ms (cache miss)
1997 http fetch GET 200 https://registry.npmjs.org/hermes-estree/-/hermes-estree-0.25.1.tgz 1640ms (cache miss)
1998 http fetch GET 200 https://registry.npmjs.org/get-intrinsic/-/get-intrinsic-1.3.0.tgz 1650ms (cache miss)
1999 http fetch GET 200 https://registry.npmjs.org/hasown/-/hasown-2.0.4.tgz 1666ms (cache miss)
2000 http fetch GET 200 https://registry.npmjs.org/combined-stream/-/combined-stream-1.0.8.tgz 1674ms (cache miss)
2001 http fetch GET 200 https://registry.npmjs.org/@keyv/bigmap/-/bigmap-1.3.1.tgz 1698ms (cache miss)
2002 http fetch GET 200 https://registry.npmjs.org/es-set-tostringtag/-/es-set-tostringtag-2.1.0.tgz 1707ms (cache miss)
2003 http fetch GET 200 https://registry.npmjs.org/call-bind-apply-helpers/-/call-bind-apply-helpers-1.0.2.tgz 1736ms (cache miss)
2004 http fetch GET 200 https://registry.npmjs.org/math-intrinsics/-/math-intrinsics-1.1.0.tgz 1755ms (cache miss)
2005 http fetch GET 200 https://registry.npmjs.org/es-errors/-/es-errors-1.3.0.tgz 1761ms (cache miss)
2006 http fetch GET 200 https://registry.npmjs.org/qified/-/qified-0.10.1.tgz 1754ms (cache miss)
2007 http fetch GET 200 https://registry.npmjs.org/asynckit/-/asynckit-0.4.0.tgz 1792ms (cache miss)
2008 http fetch GET 200 https://registry.npmjs.org/keyv/-/keyv-5.6.0.tgz 1813ms (cache miss)
2009 http fetch GET 200 https://registry.npmjs.org/@cacheable/utils/-/utils-2.5.0.tgz 1835ms (cache miss)
2010 http fetch GET 200 https://registry.npmjs.org/hashery/-/hashery-1.5.1.tgz 1920ms (cache miss)
2011 http fetch GET 200 https://registry.npmjs.org/path-exists/-/path-exists-4.0.0.tgz 1914ms (cache miss)
2012 http fetch GET 200 https://registry.npmjs.org/locate-path/-/locate-path-6.0.0.tgz 1926ms (cache miss)
2013 http fetch GET 200 https://registry.npmjs.org/postcss/-/postcss-8.5.28.tgz 2033ms (cache miss)
2014 http fetch GET 200 https://registry.npmjs.org/estraverse/-/estraverse-5.3.0.tgz 1991ms (cache miss)
2015 http fetch GET 200 https://registry.npmjs.org/@cacheable/memory/-/memory-2.2.0.tgz 2043ms (cache miss)
2016 http fetch GET 200 https://registry.npmjs.org/get-proto/-/get-proto-1.0.1.tgz 2132ms (cache miss)
2017 http fetch GET 200 https://registry.npmjs.org/@types/esrecurse/-/esrecurse-4.3.1.tgz 2164ms (cache miss)
2018 http fetch GET 200 https://registry.npmjs.org/update-browserslist-db/-/update-browserslist-db-1.3.3.tgz 2170ms (cache miss)
2019 http fetch GET 200 https://registry.npmjs.org/esrecurse/-/esrecurse-4.3.0.tgz 2176ms (cache miss)
2020 http fetch GET 200 https://registry.npmjs.org/cacheable/-/cacheable-2.5.0.tgz 2223ms (cache miss)
2021 http fetch GET 200 https://registry.npmjs.org/@babel/helper-module-imports/-/helper-module-imports-7.29.7.tgz 2272ms (cache miss)
2022 http fetch GET 200 https://registry.npmjs.org/flatted/-/flatted-3.4.4.tgz 2291ms (cache miss)
2023 http fetch GET 200 https://registry.npmjs.org/flat-cache/-/flat-cache-6.1.23.tgz 2299ms (cache miss)
2024 http fetch GET 200 https://registry.npmjs.org/@babel/helper-string-parser/-/helper-string-parser-7.29.7.tgz 2292ms (cache miss)
2025 http fetch GET 200 https://registry.npmjs.org/acorn/-/acorn-8.18.0.tgz 2476ms (cache miss)
2026 http fetch GET 200 https://registry.npmjs.org/lru-cache/-/lru-cache-5.1.1.tgz 2470ms (cache miss)
2027 http fetch GET 200 https://registry.npmjs.org/@babel/compat-data/-/compat-data-7.29.7.tgz 2483ms (cache miss)
2028 http fetch GET 200 https://registry.npmjs.org/electron-to-chromium/-/electron-to-chromium-1.5.443.tgz 2509ms (cache miss)
2029 http fetch GET 200 https://registry.npmjs.org/picocolors/-/picocolors-1.1.1.tgz 2502ms (cache miss)
2030 http fetch GET 200 https://registry.npmjs.org/@babel/helper-globals/-/helper-globals-7.29.7.tgz 2505ms (cache miss)
2031 http fetch GET 200 https://registry.npmjs.org/jsesc/-/jsesc-3.1.0.tgz 2523ms (cache miss)
2032 http fetch GET 200 https://registry.npmjs.org/node-releases/-/node-releases-2.0.57.tgz 2539ms (cache miss)
2033 http fetch GET 200 https://registry.npmjs.org/js-tokens/-/js-tokens-4.0.0.tgz 2539ms (cache miss)
2034 http fetch GET 200 https://registry.npmjs.org/rolldown/-/rolldown-1.2.12.tgz 2618ms (cache miss)
2035 http fetch GET 200 https://registry.npmjs.org/@babel/helper-validator-option/-/helper-validator-option-7.29.7.tgz 2551ms (cache miss)
2036 http fetch GET 200 https://registry.npmjs.org/browserslist/-/browserslist-4.29.3.tgz 2555ms (cache miss)
2037 http fetch GET 200 https://registry.npmjs.org/baseline-browser-mapping/-/baseline-browser-mapping-2.11.26.tgz 2569ms (cache miss)
2038 http fetch GET 200 https://registry.npmjs.org/convert-source-map/-/convert-source-map-2.0.0.tgz 2566ms (cache miss)
2039 http fetch GET 200 https://registry.npmjs.org/semver/-/semver-6.3.1.tgz 2571ms (cache miss)
2040 http fetch GET 200 https://registry.npmjs.org/hookified/-/hookified-1.15.1.tgz 2601ms (cache miss)
2041 http fetch GET 200 https://registry.npmjs.org/gensync/-/gensync-1.0.0-beta.2.tgz 2583ms (cache miss)
2042 http fetch GET 200 https://registry.npmjs.org/json5/-/json5-2.2.3.tgz 2629ms (cache miss)
2043 http fetch GET 200 https://registry.npmjs.org/@babel/helper-compilation-targets/-/helper-compilation-targets-7.29.7.tgz 2704ms (cache miss)
2044 http fetch GET 200 https://registry.npmjs.org/@babel/code-frame/-/code-frame-7.29.7.tgz 2795ms (cache miss)
2045 http fetch GET 200 https://registry.npmjs.org/@babel/helper-module-transforms/-/helper-module-transforms-7.29.7.tgz 2867ms (cache miss)
2046 http fetch GET 200 https://registry.npmjs.org/acorn-jsx/-/acorn-jsx-5.3.2.tgz 2869ms (cache miss)
2047 http fetch GET 200 https://registry.npmjs.org/@babel/helper-validator-identifier/-/helper-validator-identifier-7.29.7.tgz 2943ms (cache miss)
2048 http fetch GET 200 https://registry.npmjs.org/@babel/template/-/template-7.29.7.tgz 2940ms (cache miss)
2049 http fetch GET 200 https://registry.npmjs.org/ms/-/ms-2.1.3.tgz 2975ms (cache miss)
2050 http fetch GET 200 https://registry.npmjs.org/zod-validation-error/-/zod-validation-error-4.0.2.tgz 3005ms (cache miss)
2051 http fetch GET 200 https://registry.npmjs.org/which/-/which-2.0.2.tgz 3081ms (cache miss)
2052 http fetch GET 200 https://registry.npmjs.org/shebang-command/-/shebang-command-2.0.0.tgz 3087ms (cache miss)
2053 http fetch GET 200 https://registry.npmjs.org/path-key/-/path-key-3.1.1.tgz 3114ms (cache miss)
2054 http fetch GET 200 https://registry.npmjs.org/@babel/generator/-/generator-7.29.8.tgz 3251ms (cache miss)
2055 http fetch GET 200 https://registry.npmjs.org/fast-json-stable-stringify/-/fast-json-stable-stringify-2.1.0.tgz 3254ms (cache miss)
2056 http fetch GET 200 https://registry.npmjs.org/levn/-/levn-0.4.1.tgz 3304ms (cache miss)
2057 http fetch GET 200 https://registry.npmjs.org/json-schema-traverse/-/json-schema-traverse-0.4.1.tgz 3309ms (cache miss)
2058 http fetch GET 200 https://registry.npmjs.org/@types/json-schema/-/json-schema-7.0.15.tgz 3318ms (cache miss)
2059 http fetch GET 200 https://registry.npmjs.org/@humanfs/core/-/core-0.19.2.tgz 3335ms (cache miss)
2060 http fetch GET 200 https://registry.npmjs.org/@humanfs/types/-/types-0.15.0.tgz 3443ms (cache miss)
2061 http fetch GET 200 https://registry.npmjs.org/uri-js/-/uri-js-4.4.1.tgz 3523ms (cache miss)
2062 http fetch GET 200 https://registry.npmjs.org/json-stable-stringify-without-jsonify/-/json-stable-stringify-without-jsonify-1.0.1.tgz 3554ms (cache miss)
2063 http fetch GET 200 https://registry.npmjs.org/is-glob/-/is-glob-4.0.3.tgz 3562ms (cache miss)
2064 http fetch GET 200 https://registry.npmjs.org/optionator/-/optionator-0.9.4.tgz 3573ms (cache miss)
2065 http fetch GET 200 https://registry.npmjs.org/@eslint/object-schema/-/object-schema-3.0.5.tgz 3695ms (cache miss)
2066 http fetch GET 200 https://registry.npmjs.org/@babel/traverse/-/traverse-7.29.8.tgz 3806ms (cache miss)
2067 http fetch GET 200 https://registry.npmjs.org/imurmurhash/-/imurmurhash-0.1.4.tgz 3777ms (cache miss)
2068 http fetch GET 200 https://registry.npmjs.org/hermes-parser/-/hermes-parser-0.25.1.tgz 3803ms (cache miss)
2069 http fetch GET 200 https://registry.npmjs.org/ignore/-/ignore-5.3.2.tgz 3784ms (cache miss)
2070 http fetch GET 200 https://registry.npmjs.org/find-up/-/find-up-5.0.0.tgz 3844ms (cache miss)
2071 http fetch GET 200 https://registry.npmjs.org/fast-deep-equal/-/fast-deep-equal-3.1.3.tgz 3856ms (cache miss)
2072 http fetch GET 200 https://registry.npmjs.org/glob-parent/-/glob-parent-6.0.2.tgz 3861ms (cache miss)
2073 http fetch GET 200 https://registry.npmjs.org/file-entry-cache/-/file-entry-cache-11.1.5.tgz 3934ms (cache miss)
2074 http fetch GET 200 https://registry.npmjs.org/natural-compare/-/natural-compare-1.4.0.tgz 3955ms (cache miss)
2075 http fetch GET 200 https://registry.npmjs.org/@babel/parser/-/parser-7.29.9.tgz 3997ms (cache miss)
2076 http fetch GET 200 https://registry.npmjs.org/cross-spawn/-/cross-spawn-7.0.6.tgz 4169ms (cache miss)
2077 http fetch GET 200 https://registry.npmjs.org/escape-string-regexp/-/escape-string-regexp-4.0.0.tgz 4218ms (cache miss)
2078 http fetch GET 200 https://registry.npmjs.org/esutils/-/esutils-2.0.3.tgz 4232ms (cache miss)
2079 http fetch GET 200 https://registry.npmjs.org/@types/estree/-/estree-1.0.9.tgz 4349ms (cache miss)
2080 http fetch GET 200 https://registry.npmjs.org/debug/-/debug-4.4.3.tgz 4435ms (cache miss)
2081 http fetch GET 200 https://registry.npmjs.org/eslint-visitor-keys/-/eslint-visitor-keys-5.0.1.tgz 4442ms (cache miss)
2082 http fetch GET 200 https://registry.npmjs.org/@humanwhocodes/module-importer/-/module-importer-1.0.1.tgz 4472ms (cache miss)
2083 http fetch GET 200 https://registry.npmjs.org/follow-redirects/-/follow-redirects-1.16.0.tgz 4468ms (cache miss)
2084 http fetch GET 200 https://registry.npmjs.org/proxy-from-env/-/proxy-from-env-2.1.0.tgz 4476ms (cache miss)
2085 http fetch GET 200 https://registry.npmjs.org/@humanfs/node/-/node-0.16.8.tgz 4488ms (cache miss)
2086 http fetch GET 200 https://registry.npmjs.org/https-proxy-agent/-/https-proxy-agent-5.0.1.tgz 4481ms (cache miss)
2087 http fetch GET 200 https://registry.npmjs.org/@eslint/core/-/core-1.2.1.tgz 4491ms (cache miss)
2088 http fetch GET 200 https://registry.npmjs.org/graceful-fs/-/graceful-fs-4.2.11.tgz 4548ms (cache miss)
2089 http fetch GET 200 https://registry.npmjs.org/minimatch/-/minimatch-10.2.6.tgz 4573ms (cache miss)
2090 http fetch GET 200 https://registry.npmjs.org/@humanwhocodes/retry/-/retry-0.4.3.tgz 4581ms (cache miss)
2091 http fetch GET 200 https://registry.npmjs.org/form-data/-/form-data-4.0.6.tgz 4589ms (cache miss)
2092 http fetch GET 200 https://registry.npmjs.org/eslint-scope/-/eslint-scope-9.1.2.tgz 4643ms (cache miss)
2093 http fetch GET 200 https://registry.npmjs.org/espree/-/espree-11.2.0.tgz 4653ms (cache miss)
2094 http fetch GET 200 https://registry.npmjs.org/@eslint-community/regexpp/-/regexpp-4.12.2.tgz 4658ms (cache miss)
2095 http fetch GET 200 https://registry.npmjs.org/@eslint/config-helpers/-/config-helpers-0.7.0.tgz 4664ms (cache miss)
2096 http fetch GET 200 https://registry.npmjs.org/@eslint-community/eslint-utils/-/eslint-utils-4.10.1.tgz 4692ms (cache miss)
2097 http fetch GET 200 https://registry.npmjs.org/@eslint/plugin-kit/-/plugin-kit-0.7.3.tgz 4696ms (cache miss)
2098 http fetch GET 200 https://registry.npmjs.org/react-router/-/react-router-7.18.4.tgz 4832ms (cache miss)
2099 http fetch GET 200 https://registry.npmjs.org/@jridgewell/resolve-uri/-/resolve-uri-3.1.2.tgz 4753ms (cache miss)
2100 http fetch GET 200 https://registry.npmjs.org/esquery/-/esquery-1.7.0.tgz 4823ms (cache miss)
2101 http fetch GET 200 https://registry.npmjs.org/csstype/-/csstype-3.2.3.tgz 5034ms (cache miss)
2102 http fetch GET 200 https://registry.npmjs.org/@rolldown/pluginutils/-/pluginutils-1.0.1.tgz 5104ms (cache miss)
2103 http fetch GET 200 https://registry.npmjs.org/magic-string/-/magic-string-0.30.21.tgz 5176ms (cache miss)
2104 http fetch GET 200 https://registry.npmjs.org/tapable/-/tapable-2.3.3.tgz 5191ms (cache miss)
2105 http fetch GET 200 https://registry.npmjs.org/@tailwindcss/oxide/-/oxide-4.3.3.tgz 5173ms (cache miss)
2106 http fetch GET 200 https://registry.npmjs.org/@eslint/config-array/-/config-array-0.23.5.tgz 5215ms (cache miss)
2107 http fetch GET 200 https://registry.npmjs.org/react-router-dom/-/react-router-dom-7.18.4.tgz 5191ms (cache miss)
2108 http fetch GET 200 https://registry.npmjs.org/@standard-schema/utils/-/utils-0.3.0.tgz 5194ms (cache miss)
2109 http fetch GET 200 https://registry.npmjs.org/@standard-schema/spec/-/spec-1.1.0.tgz 5197ms (cache miss)
2110 http fetch GET 200 https://registry.npmjs.org/redux-thunk/-/redux-thunk-3.1.0.tgz 5198ms (cache miss)
2111 http fetch GET 200 https://registry.npmjs.org/@tailwindcss/node/-/node-4.3.3.tgz 5300ms (cache miss)
2112 http fetch GET 200 https://registry.npmjs.org/source-map-js/-/source-map-js-1.2.2.tgz 5394ms (cache miss)
2113 http fetch GET 200 https://registry.npmjs.org/lightningcss/-/lightningcss-1.32.0.tgz 5438ms (cache miss)
2114 http fetch GET 200 https://registry.npmjs.org/@jridgewell/sourcemap-codec/-/sourcemap-codec-1.6.0.tgz 5568ms (cache miss)
2115 http fetch GET 200 https://registry.npmjs.org/globals/-/globals-17.13.0.tgz 5581ms (cache miss)
2116 http fetch GET 200 https://registry.npmjs.org/@babel/core/-/core-7.29.7.tgz 5727ms (cache miss)
2117 http fetch GET 200 https://registry.npmjs.org/eslint-plugin-react-refresh/-/eslint-plugin-react-refresh-0.5.7.tgz 5706ms (cache miss)
2118 http fetch GET 200 https://registry.npmjs.org/@jridgewell/remapping/-/remapping-2.3.5.tgz 5731ms (cache miss)
2119 http fetch GET 200 https://registry.npmjs.org/@jridgewell/gen-mapping/-/gen-mapping-0.3.13.tgz 5768ms (cache miss)
2120 http fetch GET 200 https://registry.npmjs.org/@tailwindcss/vite/-/vite-4.3.3.tgz 5795ms (cache miss)
2121 http fetch GET 200 https://registry.npmjs.org/@babel/types/-/types-7.29.8.tgz 5886ms (cache miss)
2122 http fetch GET 200 https://registry.npmjs.org/redux/-/redux-5.0.1.tgz 5844ms (cache miss)
2123 http fetch GET 200 https://registry.npmjs.org/jiti/-/jiti-2.7.0.tgz 5863ms (cache miss)
2124 http fetch GET 200 https://registry.npmjs.org/reselect/-/reselect-5.3.0.tgz 5873ms (cache miss)
2125 http fetch GET 200 https://registry.npmjs.org/@jridgewell/trace-mapping/-/trace-mapping-0.3.31.tgz 5891ms (cache miss)
2126 http fetch GET 200 https://registry.npmjs.org/react/-/react-19.3.0.tgz 5881ms (cache miss)
2127 http fetch GET 200 https://registry.npmjs.org/immer/-/immer-11.1.18.tgz 5931ms (cache miss)
2128 http fetch GET 200 https://registry.npmjs.org/@types/react/-/react-19.3.0.tgz 5959ms (cache miss)
2129 http fetch GET 200 https://registry.npmjs.org/react-redux/-/react-redux-9.3.0.tgz 6003ms (cache miss)
2130 http fetch GET 200 https://registry.npmjs.org/@eslint/js/-/js-10.0.1.tgz 6049ms (cache miss)
2131 http fetch GET 200 https://registry.npmjs.org/@types/react-dom/-/react-dom-19.3.0.tgz 6080ms (cache miss)
2132 http fetch GET 200 https://registry.npmjs.org/ajv/-/ajv-6.15.0.tgz 6210ms (cache miss)
2133 http fetch GET 200 https://registry.npmjs.org/@babel/helpers/-/helpers-7.29.7.tgz 6342ms (cache miss)
2134 http fetch GET 200 https://registry.npmjs.org/eslint-visitor-keys/-/eslint-visitor-keys-3.4.3.tgz 6269ms (cache miss)
2135 http fetch GET 200 https://registry.npmjs.org/enhanced-resolve/-/enhanced-resolve-5.26.0.tgz 6323ms (cache miss)
2136 http fetch GET 200 https://registry.npmjs.org/hookified/-/hookified-2.2.0.tgz 6333ms (cache miss)
2137 http fetch GET 200 https://registry.npmjs.org/@vitejs/plugin-react/-/plugin-react-6.1.1.tgz 6518ms (cache miss)
2138 http fetch GET 200 https://registry.npmjs.org/lightningcss/-/lightningcss-1.33.0.tgz 6709ms (cache miss)
2139 http fetch GET 200 https://registry.npmjs.org/eslint-plugin-react-hooks/-/eslint-plugin-react-hooks-7.1.1.tgz 6911ms (cache miss)
2140 http fetch GET 200 https://registry.npmjs.org/axios/-/axios-1.20.0.tgz 8470ms (cache miss)
2141 http fetch GET 200 https://registry.npmjs.org/vite/-/vite-8.3.1.tgz 8783ms (cache miss)
2142 http fetch GET 200 https://registry.npmjs.org/caniuse-lite/-/caniuse-lite-1.0.30001814.tgz 9158ms (cache miss)
2143 http fetch GET 200 https://registry.npmjs.org/eslint/-/eslint-10.11.0.tgz 9282ms (cache miss)
2144 http fetch GET 200 https://registry.npmjs.org/tailwindcss/-/tailwindcss-4.3.3.tgz 9586ms (cache miss)
2145 http fetch GET 200 https://registry.npmjs.org/@tailwindcss/oxide-win32-x64-msvc/-/oxide-win32-x64-msvc-4.3.3.tgz 9770ms (cache miss)
2146 http fetch GET 200 https://registry.npmjs.org/@reduxjs/toolkit/-/toolkit-2.13.0.tgz 10104ms (cache miss)
2147 http fetch GET 200 https://registry.npmjs.org/zod/-/zod-4.6.5.tgz 10358ms (cache miss)
2148 http fetch GET 200 https://registry.npmjs.org/react-dom/-/react-dom-19.3.0.tgz 11515ms (cache miss)
2149 http fetch GET 200 https://registry.npmjs.org/lightningcss-win32-x64-msvc/-/lightningcss-win32-x64-msvc-1.33.0.tgz 11975ms (cache miss)
2150 http fetch GET 200 https://registry.npmjs.org/lightningcss-win32-x64-msvc/-/lightningcss-win32-x64-msvc-1.32.0.tgz 12755ms (cache miss)
2151 http fetch GET 200 https://registry.npmjs.org/@rolldown/binding-win32-x64-msvc/-/binding-win32-x64-msvc-1.2.12.tgz 14609ms (cache miss)
2152 silly ADD node_modules/isexe
2153 silly ADD node_modules/fdir
2154 silly ADD node_modules/@rolldown/binding-win32-x64-msvc
2155 silly ADD
2156 silly ADD
2157 silly ADD
2158 silly ADD
2159 silly ADD
2160 silly ADD
2161 silly ADD
2162 silly ADD
2163 silly ADD
2164 silly ADD
2165 silly ADD
2166 silly ADD
2167 silly ADD
2168 silly ADD
2169 silly ADD node_modules/@oxc-project/types
2170 silly ADD node_modules/nanoid
2171 silly ADD node_modules/tinyglobby
2172 silly ADD node_modules/rolldown
2173 silly ADD node_modules/postcss
2174 silly ADD node_modules/picomatch
2175 silly ADD
2176 silly ADD node_modules/punycode
2177 silly ADD node_modules/escalade
2178 silly ADD node_modules/shebang-regex
2179 silly ADD node_modules/set-cookie-parser
2180 silly ADD node_modules/cookie
2181 silly ADD node_modules/react-router
2182 silly ADD node_modules/use-sync-external-store
2183 silly ADD node_modules/@types/use-sync-external-store
2184 silly ADD node_modules/scheduler
2185 silly ADD node_modules/yocto-queue
2186 silly ADD node_modules/p-limit
2187 silly ADD node_modules/word-wrap
2188 silly ADD node_modules/fast-levenshtein
2189 silly ADD node_modules/deep-is
2190 silly ADD node_modules/balanced-match
2191 silly ADD node_modules/brace-expansion
2192 silly ADD node_modules/mime-db
2193 silly ADD node_modules/yallist
2194 silly ADD node_modules/p-locate
2195 silly ADD node_modules/lightningcss-win32-x64-msvc
2196 silly ADD
2197 silly ADD
2198 silly ADD
2199 silly ADD
2200 silly ADD
2201 silly ADD
2202 silly ADD
2203 silly ADD
2204 silly ADD
2205 silly ADD
2206 silly ADD node_modules/detect-libc
2207 silly ADD node_modules/type-check
2208 silly ADD node_modules/prelude-ls
2209 silly ADD node_modules/@keyv/serialize
2210 silly ADD node_modules/is-extglob
2211 silly ADD node_modules/agent-base
2212 silly ADD node_modules/hermes-estree
2213 silly ADD node_modules/dunder-proto
2214 silly ADD node_modules/math-intrinsics
2215 silly ADD node_modules/has-symbols
2216 silly ADD node_modules/gopd
2217 silly ADD node_modules/get-proto
2218 silly ADD node_modules/function-bind
2219 silly ADD node_modules/es-object-atoms
2220 silly ADD node_modules/es-define-property
2221 silly ADD node_modules/call-bind-apply-helpers
2222 silly ADD node_modules/has-tostringtag
2223 silly ADD node_modules/get-intrinsic
2224 silly ADD node_modules/es-errors
2225 silly ADD node_modules/delayed-stream
2226 silly ADD node_modules/mime-types
2227 silly ADD node_modules/hasown
2228 silly ADD node_modules/es-set-tostringtag
2229 silly ADD node_modules/combined-stream
2230 silly ADD node_modules/asynckit
2231 silly ADD node_modules/hashery
2232 silly ADD node_modules/@keyv/bigmap
2233 silly ADD node_modules/qified
2234 silly ADD node_modules/qified/node_modules/hookified
2235 silly ADD node_modules/keyv
2236 silly ADD node_modules/@cacheable/utils
2237 silly ADD node_modules/@cacheable/memory
2238 silly ADD node_modules/hookified
2239 silly ADD node_modules/flatted
2240 silly ADD node_modules/cacheable
2241 silly ADD node_modules/path-exists
2242 silly ADD node_modules/locate-path
2243 silly ADD node_modules/flat-cache
2244 silly ADD node_modules/acorn-jsx
2245 silly ADD node_modules/acorn
2246 silly ADD node_modules/estraverse
2247 silly ADD node_modules/esrecurse
2248 silly ADD node_modules/@types/esrecurse
2249 silly ADD node_modules/update-browserslist-db
2250 silly ADD node_modules/node-releases
2251 silly ADD node_modules/electron-to-chromium
2252 silly ADD node_modules/caniuse-lite
2253 silly ADD node_modules/baseline-browser-mapping
2254 silly ADD node_modules/@babel/helper-string-parser
2255 silly ADD node_modules/@babel/helper-globals
2256 silly ADD node_modules/@babel/helper-module-imports
2257 silly ADD node_modules/lru-cache
2258 silly ADD node_modules/browserslist
2259 silly ADD node_modules/@babel/helper-validator-option
2260 silly ADD node_modules/@babel/compat-data
2261 silly ADD node_modules/jsesc
2262 silly ADD node_modules/picocolors
2263 silly ADD node_modules/js-tokens
2264 silly ADD node_modules/@babel/helper-validator-identifier
2265 silly ADD node_modules/semver
2266 silly ADD node_modules/json5
2267 silly ADD node_modules/gensync
2268 silly ADD node_modules/convert-source-map
2269 silly ADD node_modules/@babel/types
2270 silly ADD node_modules/@babel/traverse
2271 silly ADD node_modules/@babel/template
2272 silly ADD node_modules/@babel/helpers
2273 silly ADD node_modules/@babel/helper-module-transforms
2274 silly ADD node_modules/@babel/helper-compilation-targets
2275 silly ADD node_modules/@babel/generator
2276 silly ADD node_modules/@babel/code-frame
2277 silly ADD node_modules/zod-validation-error
2278 silly ADD node_modules/zod
2279 silly ADD node_modules/hermes-parser
2280 silly ADD node_modules/@babel/parser
2281 silly ADD node_modules/@babel/core
2282 silly ADD node_modules/ms
2283 silly ADD node_modules/which
2284 silly ADD node_modules/shebang-command
2285 silly ADD node_modules/path-key
2286 silly ADD node_modules/uri-js
2287 silly ADD node_modules/json-schema-traverse
2288 silly ADD node_modules/fast-json-stable-stringify
2289 silly ADD node_modules/@humanfs/types
2290 silly ADD node_modules/@humanfs/core
2291 silly ADD node_modules/levn
2292 silly ADD node_modules/@types/json-schema
2293 silly ADD node_modules/@eslint/object-schema
2294 silly ADD node_modules/optionator
2295 silly ADD node_modules/natural-compare
2296 silly ADD node_modules/minimatch
2297 silly ADD node_modules/json-stable-stringify-without-jsonify
2298 silly ADD node_modules/is-glob
2299 silly ADD node_modules/imurmurhash
2300 silly ADD node_modules/ignore
2301 silly ADD node_modules/glob-parent
2302 silly ADD node_modules/find-up
2303 silly ADD node_modules/file-entry-cache
2304 silly ADD node_modules/fast-deep-equal
2305 silly ADD node_modules/esutils
2306 silly ADD node_modules/esquery
2307 silly ADD node_modules/espree
2308 silly ADD node_modules/eslint-visitor-keys
2309 silly ADD node_modules/eslint-scope
2310 silly ADD node_modules/escape-string-regexp
2311 silly ADD node_modules/debug
2312 silly ADD node_modules/cross-spawn
2313 silly ADD node_modules/ajv
2314 silly ADD node_modules/@types/estree
2315 silly ADD node_modules/@humanwhocodes/retry
2316 silly ADD node_modules/@humanwhocodes/module-importer
2317 silly ADD node_modules/@humanfs/node
2318 silly ADD node_modules/@eslint/plugin-kit
2319 silly ADD node_modules/@eslint/core
2320 silly ADD node_modules/@eslint/config-helpers
2321 silly ADD node_modules/@eslint/config-array
2322 silly ADD node_modules/@eslint-community/regexpp
2323 silly ADD node_modules/@eslint-community/eslint-utils
2324 silly ADD node_modules/@eslint-community/eslint-utils/node_modules/eslint-visitor-keys
2325 silly ADD node_modules/tapable
2326 silly ADD node_modules/graceful-fs
2327 silly ADD node_modules/proxy-from-env
2328 silly ADD node_modules/https-proxy-agent
2329 silly ADD node_modules/form-data
2330 silly ADD node_modules/follow-redirects
2331 silly ADD node_modules/@rolldown/pluginutils
2332 silly ADD node_modules/csstype
2333 silly ADD node_modules/@tailwindcss/oxide-win32-x64-msvc
2334 silly ADD
2335 silly ADD
2336 silly ADD
2337 silly ADD
2338 silly ADD
2339 silly ADD
2340 silly ADD
2341 silly ADD
2342 silly ADD
2343 silly ADD
2344 silly ADD
2345 silly ADD node_modules/@jridgewell/resolve-uri
2346 silly ADD node_modules/@jridgewell/sourcemap-codec
2347 silly ADD node_modules/@jridgewell/trace-mapping
2348 silly ADD node_modules/@jridgewell/gen-mapping
2349 silly ADD node_modules/source-map-js
2350 silly ADD node_modules/magic-string
2351 silly ADD node_modules/lightningcss
2352 silly ADD node_modules/jiti
2353 silly ADD node_modules/enhanced-resolve
2354 silly ADD node_modules/@jridgewell/remapping
2355 silly ADD node_modules/@tailwindcss/oxide
2356 silly ADD node_modules/@tailwindcss/node
2357 silly ADD node_modules/reselect
2358 silly ADD node_modules/redux-thunk
2359 silly ADD node_modules/redux
2360 silly ADD node_modules/immer
2361 silly ADD node_modules/@standard-schema/utils
2362 silly ADD node_modules/@standard-schema/spec
2363 silly ADD node_modules/tailwindcss
2364 silly ADD node_modules/react-router-dom
2365 silly ADD node_modules/react-redux
2366 silly ADD node_modules/react-dom
2367 silly ADD node_modules/react
2368 silly ADD node_modules/globals
2369 silly ADD node_modules/eslint-plugin-react-refresh
2370 silly ADD node_modules/eslint-plugin-react-hooks
2371 silly ADD node_modules/eslint
2372 silly ADD node_modules/axios
2373 silly ADD node_modules/@vitejs/plugin-react
2374 silly ADD node_modules/@types/react-dom
2375 silly ADD node_modules/@types/react
2376 silly ADD node_modules/vite
2377 silly ADD node_modules/vite/node_modules/lightningcss-win32-x64-msvc
2378 silly ADD
2379 silly ADD
2380 silly ADD
2381 silly ADD
2382 silly ADD
2383 silly ADD
2384 silly ADD
2385 silly ADD
2386 silly ADD
2387 silly ADD
2388 silly ADD node_modules/vite/node_modules/lightningcss
2389 silly ADD node_modules/@tailwindcss/vite
2390 silly ADD node_modules/@reduxjs/toolkit
2391 silly ADD node_modules/@eslint/js
2392 verbose cwd D:\E-commerce\frontend
2393 verbose os Windows_NT 10.0.22631
2394 verbose node v26.7.0
2395 verbose npm  v10.9.8
2396 verbose exit 0
2397 info ok
